Name,Fulladdress,Street,Municipality,Categories,About,Phone,Phones,Claimed,Owner,Owner Id,Owner Link,Review Count,Average Rating,Review URL,Cid,Fid,Latitude,Longitude,Time Zone,Website,Domain,Opening Hours,Google Knowledge URL,Kgmid,Google Maps URL,Place Id,Emails,Facebook Links,Instagram Links,Youtube Links,Tiktok Links,Linkedin Links,Twitter Links,Search Keyword
Beta KL,"Lot 163, 10, Jalan Perak, Kuala Lumpur, 50450 Kuala Lumpur, Wilayah Persekutuan Kuala Lumpur, Malaysia",Lot 163,"10, Jalan Perak",Fine dining restaurant;Restaurant,"Service options: [Dine-in], Highlights: [Great beer selection, Great cocktails, Great coffee, Great dessert, Great tea selection, Great wine list], Popular for: [Lunch, Dinner, Solo dining], Accessibility: [Wheelchair accessible entrance, Wheelchair accessible parking lot, Wheelchair accessible restroom, Wheelchair accessible seating], Offerings: [Alcohol, Beer, Cocktails, Coffee, Hard liquor, Vegan options, Vegetarian options, Wine], Dining options: [Dinner, Dessert, Table service], Amenities: [Bar onsite, Restroom], Atmosphere: [Cozy, Romantic, Trendy, Upscale], Crowd: [Good for groups, Tourists], Planning: [Lunch reservations recommended, Reservations required, Dinner reservations recommended, Accepts reservations], Payments: [Credit cards, Debit cards, NFC mobile payments, ], Parking: [Free parking lot, Paid parking lot, ]",+60 19-212 1094,"019-212 1094, +60 19-212 1094",YES,Beta KL (Owner),100235099088830673008,https://www.google.com/maps/contrib/100235099088830673008,1365,4.8,https://search.google.com/local/reviews?placeid=ChIJlTA1sdU3zDERKbujTkG2pJc&authuser=0&hl=en&gl=US,10927058987516148521,0x31cc37d5b1353095:0x97a4b6414ea3bb29,3.1545842,101.70909789999999,Asia/Kuala_Lumpur,www.betakl.com/,betakl.com,"Wednesday(2026-06-24): [6–11 PM], Thursday(2026-06-25): [6–11 PM], Friday(2026-06-26): [6–11 PM], Saturday(2026-06-27): [6–11 PM], Sunday(2026-06-28): [6–11 PM], Monday(2026-06-29): [Closed], Tuesday(2026-06-30): [6–11 PM]",https://www.google.com/search?kgmid=/g/11gfgm5xnc,/g/11gfgm5xnc,https://www.google.com/maps?cid=10927058987516148521,ChIJlTA1sdU3zDERKbujTkG2pJc,,,,,,,,Restaurants in Kuala Lumpur
Bijan Bar & Restaurant,"3, Jalan Ceylon, Bukit Ceylon, 50200 Kuala Lumpur, Wilayah Persekutuan Kuala Lumpur, Malaysia","3, Jalan Ceylon",Bukit Ceylon,Malaysian restaurant;Asian restaurant;Restaurant,"From the business: [Identifies as women-owned], Service options: [Outdoor seating, Delivery, Onsite services, Takeout, Dine-in], Highlights: [Great cocktails, Great coffee, Great dessert, Great tea selection, Great wine list, Live music], Popular for: [Lunch, Dinner, Solo dining], Accessibility: [Wheelchair accessible entrance, Wheelchair accessible restroom, Wheelchair accessible seating], Offerings: [Alcohol, Beer, Cocktails, Coffee, Happy hour drinks, Happy hour food, Hard liquor, Private dining room, Small plates, Vegan options, Vegetarian options, Wine], Dining options: [Breakfast, Lunch, Dinner, Catering, Dessert, Seating, Table service], Amenities: [Bar onsite, Gender-neutral restroom, Restroom, Wi-Fi, ], Atmosphere: [Casual, Cozy, Quiet, Romantic, Trendy, Upscale], Crowd: [Family-friendly, Good for groups, Tourists], Planning: [Lunch reservations recommended, Reservations required, Dinner reservations recommended, Accepts reservations], Payments: [Credit cards, Debit cards, NFC mobile payments, ], Children: [Good for kids, High chairs], Parking: [Free parking lot, Free street parking, Paid parking lot, Paid street parking, ]",+60 3-2031 3575,"03-2031 3575, +60 3-2031 3575",YES,Bijan Bar & Restaurant (Owner),108768249622768310229,https://www.google.com/maps/contrib/108768249622768310229,3002,4.5,https://search.google.com/local/reviews?placeid=ChIJhUW7pNVJzDERrVLuwiGu_N4&authuser=0&hl=en&gl=US,16067909030578639533,0x31cc49d5a4bb4585:0xdefcae21c2ee52ad,3.1484858,101.70592339999999,Asia/Kuala_Lumpur,www.bijanrestaurant.com.my/,bijanrestaurant.com.my,"Wednesday(2026-06-24): [4:30–11 PM], Thursday(2026-06-25): [4:30–11 PM], Friday(2026-06-26): [4:30–11 PM], Saturday(2026-06-27): [4:30–11 PM], Sunday(2026-06-28): [4:30–11 PM], Monday(2026-06-29): [4:30–11 PM], Tuesday(2026-06-30): [4:30–11 PM]",https://www.google.com/search?kgmid=/g/1tf55cvp,/g/1tf55cvp,https://www.google.com/maps?cid=16067909030578639533,ChIJhUW7pNVJzDERrVLuwiGu_N4,,,,,,,,Restaurants in Kuala Lumpur
Fuego at Troika Sky Dining,"Level 23A Tower B, The Troika, 19, Persiaran KLCC, Kuala Lumpur, 50450 Kuala Lumpur, Wilayah Persekutuan Kuala Lumpur, Malaysia","Level 23A Tower B, The Troika","19, Persiaran KLCC",South American restaurant,"Service options: [Outdoor seating, No-contact delivery, Delivery, Onsite services, Takeout, Dine-in], Highlights: [Great beer selection, Great cocktails, Great coffee, Great dessert, Great wine list, Rooftop seating], Popular for: [Lunch, Dinner], Accessibility: [Wheelchair accessible parking lot, No wheelchair accessible entrance], Offerings: [Alcohol, Beer, Cocktails, Coffee, Hard liquor, Healthy options, Late-night food, Small plates, Vegan options, Vegetarian options, Wine], Dining options: [Lunch, Dinner, Counter service, Dessert, Seating, Table service], Amenities: [Bar onsite, Restroom, Wi-Fi, ], Atmosphere: [Casual, Cozy, Romantic, Trendy, Upscale], Crowd: [Good for groups, Tourists], Planning: [Lunch reservations recommended, Reservations required, Dinner reservations recommended, Accepts reservations, Usually a wait], Payments: [Credit cards, Debit cards, NFC mobile payments, ], Children: [High chairs], Parking: [Paid parking lot, ]",+60 3-2162 0886,"03-2162 0886, +60 3-2162 0886",YES,Fuego at Troika Sky Dining (Owner),102796222860262924362,https://www.google.com/maps/contrib/102796222860262924362,3381,4.7,https://search.google.com/local/reviews?placeid=ChIJw9z919E3zDERJQtm_navO_s&authuser=0&hl=en&gl=US,18103256052754942757,0x31cc37d1d7fddcc3:0xfb3baf76fe660b25,3.158464,101.71819219999999,Asia/Kuala_Lumpur,www.troikaskydining.com/fuego/,troikaskydining.com,"Wednesday(2026-06-24): [6 PM–12 AM], Thursday(2026-06-25): [6 PM–12 AM], Friday(2026-06-26): [6 PM–12 AM], Saturday(2026-06-27): [6 PM–12 AM], Sunday(2026-06-28): [6 PM–12 AM], Monday(2026-06-29): [6 PM–12 AM], Tuesday(2026-06-30): [6 PM–12 AM]",https://www.google.com/search?kgmid=/g/11b764q9yz,/g/11b764q9yz,https://www.google.com/maps?cid=18103256052754942757,ChIJw9z919E3zDERJQtm_navO_s,,,,,,,,Restaurants in Kuala Lumpur
Skillet KL,"Lot 1-01, Level 1, Menara Hap Seng, 3, Jalan P. Ramlee, Kuala Lumpur, 50250 Kuala Lumpur, Wilayah Persekutuan Kuala Lumpur, Malaysia","Lot 1-01, Level 1, Menara Hap Seng","3, Jalan P. Ramlee",Fine dining restaurant;Modern European restaurant,"Service options: [Onsite services, Dine-in, No delivery, No takeout], Highlights: [Great cocktails, Great coffee, Great dessert, Great wine list], Popular for: [Lunch, Dinner, Solo dining], Accessibility: [Wheelchair accessible entrance, Wheelchair accessible restroom, Wheelchair accessible seating], Offerings: [Alcohol, Beer, Cocktails, Coffee, Hard liquor, Vegetarian options, Wine], Dining options: [Brunch, Lunch, Dinner, Dessert, Table service], Amenities: [Bar onsite, Restroom], Atmosphere: [Cozy, Romantic, Trendy, Upscale], Crowd: [Good for groups, Tourists], Planning: [Brunch reservations recommended, Lunch reservations recommended, Reservations required, Dinner reservations recommended, Accepts reservations], Payments: [Credit cards, Debit cards, NFC mobile payments, ], Parking: [Paid parking lot, ]",+60 19-212 1240,"019-212 1240, +60 19-212 1240",YES,Skillet KL (Owner),101609109690629830757,https://www.google.com/maps/contrib/101609109690629830757,1127,4.6,https://search.google.com/local/reviews?placeid=ChIJH3dBsNU3zDERgTKw6354sgk&authuser=0&hl=en&gl=US,698753378711253633,0x31cc37d5b041771f:0x9b2787eebb03281,3.1530229999999997,101.7075119,Asia/Kuala_Lumpur,www.skilletkl.com/,skilletkl.com,"Wednesday(2026-06-24): [6–10 PM], Thursday(2026-06-25): [12–3 PM, 6–10 PM], Friday(2026-06-26): [12–3 PM, 6–10 PM], Saturday(2026-06-27): [12–3 PM, 6–10 PM], Sunday(2026-06-28): [12–3 PM, 6–10 PM], Monday(2026-06-29): [Closed], Tuesday(2026-06-30): [6–10 PM]",https://www.google.com/search?kgmid=/g/11bc738wp8,/g/11bc738wp8,https://www.google.com/maps?cid=698753378711253633,ChIJH3dBsNU3zDERgTKw6354sgk,,,,,,,,Restaurants in Kuala Lumpur
"THIRTY8 Restaurant, Bar & Lounge","12, Jalan Pinang, Kuala Lumpur, 50450 Kuala Lumpur, Wilayah Persekutuan Kuala Lumpur, Malaysia","12, Jalan Pinang",Kuala Lumpur,Fine dining restaurant;Breakfast restaurant;Chinese restaurant;Family restaurant;Western restaurant,"Service options: [Onsite services, Dine-in], Highlights: [Great beer selection, Great cocktails, Great coffee, Great dessert, Great tea selection, Great wine list], Popular for: [Breakfast, Lunch, Dinner, Solo dining], Accessibility: [Wheelchair accessible entrance, Wheelchair accessible parking lot, Wheelchair accessible restroom, Wheelchair accessible seating], Offerings: [Alcohol, All you can eat, Beer, Cocktails, Coffee, Happy hour drinks, Hard liquor, Healthy options, Late-night food, Private dining room, Small plates, Vegan options, Vegetarian options, Wine], Dining options: [Breakfast, Brunch, Lunch, Dinner, Dessert, Table service], Amenities: [Bar onsite, Restroom, Wi-Fi, ], Atmosphere: [Cozy, Quiet, Romantic, Trendy, Upscale], Crowd: [Family-friendly, Good for groups, Tourists], Planning: [Brunch reservations recommended, Lunch reservations recommended, Reservations required, Dinner reservations recommended, Accepts reservations], Payments: [Credit cards, Debit cards, NFC mobile payments, ], Children: [Good for kids, High chairs, Kids' menu], Parking: [Paid parking lot, Paid street parking, ]",+60 3-2203 9188,"03-2203 9188, +60 3-2203 9188",YES,"THIRTY8 Restaurant, Bar & Lounge (Owner)",113853795088669769807,https://www.google.com/maps/contrib/113853795088669769807,3914,4.4,https://search.google.com/local/reviews?placeid=ChIJo4RCY9Q3zDERqVGS36A--CI&authuser=0&hl=en&gl=US,2519832852180390313,0x31cc37d4634284a3:0x22f83ea0df9251a9,3.1536489999999997,101.712305,Asia/Kuala_Lumpur,www.hyatt.com/en-US/hotel/malaysia/grand-hyatt-kuala-lumpur/kuagh/dining?src=nplk-kuagh-lclb-thirty8-restaurant,hyatt.com,"Wednesday(2026-06-24): [6:30 AM–12 AM], Thursday(2026-06-25): [6:30 AM–12 AM], Friday(2026-06-26): [6:30 AM–12 AM], Saturday(2026-06-27): [6:30 AM–12 AM], Sunday(2026-06-28): [6:30 AM–12 AM], Monday(2026-06-29): [6:30 AM–12 AM], Tuesday(2026-06-30): [6:30 AM–12 AM]",https://www.google.com/search?kgmid=/g/12qf_khy9,/g/12qf_khy9,https://www.google.com/maps?cid=2519832852180390313,ChIJo4RCY9Q3zDERqVGS36A--CI,,,,,,,,Restaurants in Kuala Lumpur
Sabayon at EQ,"Level 51, EQ, Equatorial Plaza, Jln Sultan Ismail, 50250 Kuala Lumpur, Federal Territory of Kuala Lumpur, Malaysia","Level 51, EQ, Equatorial Plaza",Jln Sultan Ismail,Modern European restaurant;Fine dining restaurant,"Service options: [Outdoor seating, Dine-in, No delivery], Highlights: [Great cocktails, Great coffee, Great dessert, Great wine list, Rooftop seating], Popular for: [Lunch, Dinner, Solo dining], Accessibility: [Wheelchair accessible entrance, Wheelchair accessible parking lot, Wheelchair accessible restroom, Wheelchair accessible seating], Offerings: [Alcohol, Beer, Cocktails, Coffee, Hard liquor, Vegetarian options, Wine], Dining options: [Brunch, Lunch, Dinner, Dessert, Seating, Table service], Amenities: [Bar onsite, Restroom, Wi-Fi, ], Atmosphere: [Cozy, Romantic, Trendy], Crowd: [Good for groups, Tourists], Planning: [Brunch reservations recommended, Reservations required, Dinner reservations recommended, Accepts reservations], Payments: [Credit cards, Debit cards, ], Parking: [Paid parking lot, , Valet parking]",+60 3-2789 7777,"03-2789 7777, +60 3-2789 7777",YES,Sabayon at EQ (Owner),109731405925578200434,https://www.google.com/maps/contrib/109731405925578200434,1434,4.7,https://search.google.com/local/reviews?placeid=ChIJbQaICbhJzDERy6h_6GLeT2M&authuser=0&hl=en&gl=US,7156182849303849163,0x31cc49b80988066d:0x634fde62e87fa8cb,3.1529181,101.7097897,Asia/Kuala_Lumpur,www.eqkualalumpur.equatorial.com/dining/sabayon/,eqkualalumpur.equatorial.com,"Wednesday(2026-06-24): [6–11 PM], Thursday(2026-06-25): [6–11 PM], Friday(2026-06-26): [6–11 PM], Saturday(2026-06-27): [6–11 PM], Sunday(2026-06-28): [12–3 PM, 6–11 PM], Monday(2026-06-29): [6–11 PM], Tuesday(2026-06-30): [6–11 PM]",https://www.google.com/search?kgmid=/g/11h_g0tx93,/g/11h_g0tx93,https://www.google.com/maps?cid=7156182849303849163,ChIJbQaICbhJzDERy6h_6GLeT2M,,,,,,,,Restaurants in Kuala Lumpur
Bunglow37,"37, Jalan Abdullah, Bangsar, 59000 Kuala Lumpur, Wilayah Persekutuan Kuala Lumpur, Malaysia","37, Jalan Abdullah",Bangsar,Restaurant;Bar;Event venue;Fusion restaurant;Western restaurant,"Service options: [Outdoor seating, Delivery, Onsite services, Takeout, Dine-in], Highlights: [Great beer selection, Great cocktails, Great coffee, Great dessert, Great tea selection, Great wine list, Live music, Rooftop seating, Good for watching sports], Popular for: [Breakfast, Lunch, Dinner, Solo dining], Accessibility: [ Does not have assistive hearing loop], Offerings: [Alcohol, Beer, Cocktails, Coffee, Halal food, Happy hour drinks, Happy hour food, Hard liquor, Healthy options, Late-night food, Organic dishes, Private dining room, Quick bite, Small plates, Vegan options, Vegetarian options, Wine], Dining options: [Breakfast, Brunch, Lunch, Dinner, Catering, Dessert, Seating, Table service], Amenities: [Bar onsite, Restroom, Wi-Fi, ], Atmosphere: [Casual, Cozy, Quiet, Romantic, Trendy, Upscale], Crowd: [Family-friendly, Good for groups, Tourists], Planning: [Brunch reservations recommended, Lunch reservations recommended, Dinner reservations recommended, Accepts reservations], Payments: [Credit cards, Debit cards, NFC mobile payments, ], Children: [Good for kids, Good for kids birthday, High chairs], Parking: [Free parking lot, Free street parking, On-site parking, Paid parking lot, Paid street parking, , Valet parking], Pets: [Dogs allowed outside]",+60 12-630 8407,"012-630 8407, +60 12-630 8407",YES,Bunglow37 (Owner),100984870961767468468,https://www.google.com/maps/contrib/100984870961767468468,3160,4.6,https://search.google.com/local/reviews?placeid=ChIJtyNik0VJzDERU1zW3w3gI3g&authuser=0&hl=en&gl=US,8657009258930789459,0x31cc4945936223b7:0x7823e00ddfd65c53,3.1321182999999997,101.6770805,Asia/Kuala_Lumpur,www.bunglow37.com/,bunglow37.com,"Wednesday(2026-06-24): [8:30 AM–1 AM], Thursday(2026-06-25): [8:30 AM–1 AM], Friday(2026-06-26): [8:30 AM–1 AM], Saturday(2026-06-27): [8:30 AM–1 AM], Sunday(2026-06-28): [8:30 AM–1 AM], Monday(2026-06-29): [8:30 AM–1 AM], Tuesday(2026-06-30): [8:30 AM–1 AM]",https://www.google.com/search?kgmid=/g/11h8gjfthd,/g/11h8gjfthd,https://www.google.com/maps?cid=8657009258930789459,ChIJtyNik0VJzDERU1zW3w3gI3g,,,,,,,,Restaurants in Kuala Lumpur
RESTORAN SENTRAL SPICE,"Unit No-G-18, Sentral Suites KL, Jalan Tun Sambanthan, Brickfields, 50470 Kuala Lumpur, Wilayah Persekutuan Kuala Lumpur, Malaysia","Unit No-G-18, Sentral Suites KL",Jalan Tun Sambanthan,Indian restaurant;Biryani restaurant;Hyderabadi restaurant;South Indian restaurant,"From the business: [Identifies as women-owned], Service options: [Outdoor seating, Delivery, Drive-through, Onsite services, Takeout, Dine-in], Highlights: [Great dessert, Great tea selection], Popular for: [Lunch, Dinner, Solo dining], Accessibility: [Wheelchair accessible entrance, Wheelchair accessible seating,  Does not have assistive hearing loop, No wheelchair accessible parking lot, No wheelchair accessible restroom], Offerings: [Coffee, Healthy options, Small plates, Vegetarian options], Dining options: [Breakfast, Brunch, Lunch, Dinner, Counter service, Dessert, Seating, Table service], Amenities: [Restroom, Wi-Fi, ], Atmosphere: [Casual, Cozy, Trendy], Crowd: [Family-friendly, Good for groups, Tourists], Planning: [Brunch reservations recommended, Accepts reservations], Payments: [Credit cards, Debit cards, NFC mobile payments, ], Children: [Good for kids, Has changing table(s), High chairs, Kids' menu], Parking: [Paid parking lot, ]",+60 12-302 6552,"012-302 6552, +60 12-302 6552",YES,RESTORAN SENTRAL SPICE (Owner),107993288668522836562,https://www.google.com/maps/contrib/107993288668522836562,926,4.7,https://search.google.com/local/reviews?placeid=ChIJK5rIFjZJzDERllQwe9mOkOU&authuser=0&hl=en&gl=US,16541878496057644182,0x31cc493616c89a2b:0xe5908ed97b305496,3.1293542999999997,101.6860725,Asia/Kuala_Lumpur,www.sentralspice.com/,sentralspice.com,"Wednesday(2026-06-24): [7 AM–11:30 PM], Thursday(2026-06-25): [7 AM–11:30 PM], Friday(2026-06-26): [7 AM–11:30 PM], Saturday(2026-06-27): [7 AM–11:30 PM], Sunday(2026-06-28): [7 AM–11:30 PM], Monday(2026-06-29): [7 AM–11:30 PM], Tuesday(2026-06-30): [7 AM–11:30 PM]",https://www.google.com/search?kgmid=/g/11y6p69p7_,/g/11y6p69p7_,https://www.google.com/maps?cid=16541878496057644182,ChIJK5rIFjZJzDERllQwe9mOkOU,,,,,,,,Restaurants in Kuala Lumpur
NADODI,"Level 7A, Four Seasons Hotel, Jln Ampang, City Centre, 50450 Kuala Lumpur, Wilayah Persekutuan Kuala Lumpur, Malaysia","Level 7A, Four Seasons Hotel",Jln Ampang,Fine dining restaurant;Restaurant,"Service options: [Onsite services, Dine-in, No delivery], Highlights: [Great cocktails, Great dessert, Great tea selection, Great wine list], Popular for: [Dinner, Solo dining], Accessibility: [Wheelchair accessible entrance, Wheelchair accessible seating], Offerings: [Alcohol, Beer, Cocktails, Coffee, Hard liquor, Private dining room, Vegan options, Vegetarian options, Wine], Dining options: [Lunch, Dinner, Dessert, Table service], Amenities: [Bar onsite, Restroom], Atmosphere: [Cozy, Romantic, Trendy, Upscale], Crowd: [Good for groups, Tourists], Planning: [Reservations required, Dinner reservations recommended, Accepts reservations], Payments: [Credit cards, Debit cards, NFC mobile payments], Parking: [Paid parking lot, ]",+60 17-296 9520,"017-296 9520, +60 17-296 9520",YES,NADODI (Owner),105959018058757203440,https://www.google.com/maps/contrib/105959018058757203440,928,4.7,https://search.google.com/local/reviews?placeid=ChIJacl_rtA3zDERNJiRM-i5PeM&authuser=0&hl=en&gl=US,16374448227137722420,0x31cc37d0ae7fc969:0xe33db9e833919834,3.1578903,101.71365279999999,Asia/Kuala_Lumpur,www.nadodikl.com/,nadodikl.com,"Wednesday(2026-06-24): [12–3 PM, 6–10 PM], Thursday(2026-06-25): [12–3 PM, 6–10 PM], Friday(2026-06-26): [12–3 PM, 6–10 PM], Saturday(2026-06-27): [12–3 PM, 6–10 PM], Sunday(2026-06-28): [Closed], Monday(2026-06-29): [12–3 PM, 6–10 PM], Tuesday(2026-06-30): [12–3 PM, 6–10 PM]",https://www.google.com/search?kgmid=/g/11cs9l_kkb,/g/11cs9l_kkb,https://www.google.com/maps?cid=16374448227137722420,ChIJacl_rtA3zDERNJiRM-i5PeM,,,,,,,,Restaurants in Kuala Lumpur
"PRIME , Le Méridien Kuala Lumpur","2, Jalan Stesen Sentral, Kuala Lumpur Sentral, 50470 Kuala Lumpur, Wilayah Persekutuan Kuala Lumpur, Malaysia","2, Jalan Stesen Sentral",Kuala Lumpur Sentral,Steak house;American restaurant;Western restaurant,"Service options: [Onsite services, Dine-in], Highlights: [Great beer selection, Great cocktails, Great dessert, Great wine list], Popular for: [Dinner, Solo dining], Accessibility: [Wheelchair accessible entrance, Wheelchair accessible parking lot, Wheelchair accessible restroom, Wheelchair accessible seating], Offerings: [Alcohol, Beer, Cocktails, Coffee, Hard liquor, Vegetarian options, Wine], Dining options: [Dinner, Dessert, Table service], Amenities: [Restroom, Wi-Fi, ], Atmosphere: [Cozy, Romantic, Trendy, Upscale], Crowd: [Good for groups], Planning: [Reservations required, Dinner reservations recommended, Accepts reservations], Payments: [Credit cards, Debit cards, NFC mobile payments, ], Parking: [Free parking lot, Paid parking lot, ]",+60 3-2263 7434,"03-2263 7434, +60 3-2263 7434",YES,"PRIME , Le Méridien Kuala Lumpur (Owner)",111126748983564951555,https://www.google.com/maps/contrib/111126748983564951555,658,4.4,https://search.google.com/local/reviews?placeid=ChIJpfxkVMBJzDERCHZCeY2kVY8&authuser=0&hl=en&gl=US,10328342247975843336,0x31cc49c05464fca5:0x8f55a48d79427608,3.1355923999999997,101.6862869,Asia/Kuala_Lumpur,www.primekualalumpur.com/,primekualalumpur.com,"Wednesday(2026-06-24): [12–3 PM, 6–10 PM], Thursday(2026-06-25): [12–3 PM, 6–10 PM], Friday(2026-06-26): [12–3 PM, 6–10 PM], Saturday(2026-06-27): [6–10 PM], Sunday(2026-06-28): [6–10 PM], Monday(2026-06-29): [12–3 PM, 6–10 PM], Tuesday(2026-06-30): [12–3 PM, 6–10 PM]",https://www.google.com/search?kgmid=/g/1tv3l5gy,/g/1tv3l5gy,https://www.google.com/maps?cid=10328342247975843336,ChIJpfxkVMBJzDERCHZCeY2kVY8,,,,,,,,Restaurants in Kuala Lumpur
Ishin Japanese Dining | KL,"Off 3 3, 202, Persiaran Klang, 4, Old Klang Rd, 58000 Kuala Lumpur, Malaysia",Off 3 3,"202, Persiaran Klang",Japanese restaurant;Asian restaurant,"Service options: [Onsite services, Takeout, Dine-in], Highlights: [Great dessert, Great tea selection, Great wine list], Popular for: [Lunch, Dinner, Solo dining], Accessibility: [Wheelchair accessible parking lot, Wheelchair accessible seating], Offerings: [Alcohol, Beer, Coffee, Hard liquor, Healthy options, Private dining room, Small plates, Vegetarian options, Wine], Dining options: [Brunch, Lunch, Dinner, Counter service, Dessert, Seating, Table service], Amenities: [Bar onsite, Restroom, Wi-Fi, ], Atmosphere: [Casual, Cozy, Romantic, Trendy, Upscale], Crowd: [Family-friendly, Good for groups], Planning: [Brunch reservations recommended, Lunch reservations recommended, Reservations required, Dinner reservations recommended, Accepts reservations], Payments: [Credit cards, Debit cards, NFC mobile payments, ], Children: [Good for kids, High chairs], Parking: [Free parking lot, Free street parking, Paid parking lot, , Valet parking]",+60 3-7980 8228,"03-7980 8228, +60 3-7980 8228",YES,Ishin Japanese Dining | KL (Owner),102631178587554556222,https://www.google.com/maps/contrib/102631178587554556222,1196,4.4,https://search.google.com/local/reviews?placeid=ChIJeaVPriRKzDERdKjxl4nK-nM&authuser=0&hl=en&gl=US,8357214750847903860,0x31cc4a24ae4fa579:0x73faca8997f1a874,3.1027744999999998,101.67790889999999,Asia/Kuala_Lumpur,ishin.my/facebook,ishin.my,"Wednesday(2026-06-24): [12–3 PM, 6–10 PM], Thursday(2026-06-25): [12–3 PM, 6–10 PM], Friday(2026-06-26): [12–3 PM, 6–10 PM], Saturday(2026-06-27): [12–3 PM, 6–10 PM], Sunday(2026-06-28): [12–3 PM, 6–10 PM], Monday(2026-06-29): [12–3 PM, 6–10 PM], Tuesday(2026-06-30): [12–3 PM, 6–10 PM]",https://www.google.com/search?kgmid=/g/1thxhkx6,/g/1thxhkx6,https://www.google.com/maps?cid=8357214750847903860,ChIJeaVPriRKzDERdKjxl4nK-nM,,,,,,,,Restaurants in Kuala Lumpur
Indian Empire,"18, Jln Bukit Bintang, Bukit Bintang, 55100 Kuala Lumpur, Wilayah Persekutuan Kuala Lumpur, Malaysia","18, Jln Bukit Bintang",Bukit Bintang,Indian restaurant;Indian Muslim restaurant;Modern Indian restaurant,"Service options: [No-contact delivery, Delivery, Drive-through, Onsite services, Takeout, Dine-in], Highlights: [Great cocktails, Great dessert, Great tea selection], Popular for: [Lunch, Dinner, Solo dining], Accessibility: [Wheelchair accessible entrance, Wheelchair accessible restroom, Wheelchair accessible seating], Offerings: [Alcohol, All you can eat, Cocktails, Coffee, Healthy options, Late-night food, Quick bite, Small plates, Vegan options, Vegetarian options], Dining options: [Breakfast, Brunch, Lunch, Dinner, Catering, Counter service, Dessert, Seating, Table service], Amenities: [Restroom], Atmosphere: [Casual, Cozy, Trendy, Upscale], Crowd: [Good for groups, Tourists], Planning: [Accepts reservations], Payments: [Credit cards, Debit cards, NFC mobile payments, ], Children: [Good for kids], Parking: [Paid parking lot, Paid street parking, ]",+60 12-901 7696,"012-901 7696, +60 12-901 7696",YES,Indian Empire (Owner),104692694281202027786,https://www.google.com/maps/contrib/104692694281202027786,5459,4.8,https://search.google.com/local/reviews?placeid=ChIJZSTNHoA3zDERJZpn6WOy2yc&authuser=0&hl=en&gl=US,2872085329566210597,0x31cc37801ecd2465:0x27dbb263e9679a25,3.144694,101.7084864,Asia/Kuala_Lumpur,indianempire.my/,indianempire.my,"Wednesday(2026-06-24): [11:30 AM–12 AM], Thursday(2026-06-25): [11:30 AM–12 AM], Friday(2026-06-26): [11:30 AM–12 AM], Saturday(2026-06-27): [11:30 AM–12 AM], Sunday(2026-06-28): [11:30 AM–12 AM], Monday(2026-06-29): [11:30 AM–12 AM], Tuesday(2026-06-30): [11:30 AM–12 AM]",https://www.google.com/search?kgmid=/g/11txdy5y0w,/g/11txdy5y0w,https://www.google.com/maps?cid=2872085329566210597,ChIJZSTNHoA3zDERJZpn6WOy2yc,,,,,,,,Restaurants in Kuala Lumpur
De.Wan 1958 by Chef Wan,"The Linc, 360, Jln Tun Razak, Taman U Thant, 50400 Kuala Lumpur, Wilayah Persekutuan Kuala Lumpur, Malaysia",The Linc,"360, Jln Tun Razak",Malaysian restaurant,"Service options: [No-contact delivery, Delivery, Onsite services, Takeout, Dine-in], Highlights: [Great coffee, Great dessert, Great tea selection], Popular for: [Lunch, Dinner, Solo dining], Accessibility: [Wheelchair accessible entrance, Wheelchair accessible parking lot, Wheelchair accessible restroom, Wheelchair accessible seating], Offerings: [Coffee, Private dining room, Small plates, Vegetarian options], Dining options: [Brunch, Lunch, Dinner, Catering, Counter service, Dessert, Table service], Amenities: [Restroom], Atmosphere: [Casual, Cozy, Romantic, Trendy, Upscale], Crowd: [Family-friendly, Good for groups, Tourists], Planning: [Brunch reservations recommended, Lunch reservations recommended, Reservations required, Dinner reservations recommended, Accepts reservations], Payments: [Credit cards, Debit cards, NFC mobile payments, ], Children: [Good for kids], Parking: [Free parking lot, Free street parking, Paid parking lot, Paid street parking, ]",+60 3-7890 6016,"03-7890 6016, +60 3-7890 6016",YES,De.Wan 1958 by Chef Wan (Owner),101141212342093881232,https://www.google.com/maps/contrib/101141212342093881232,9639,4.7,https://search.google.com/local/reviews?placeid=ChIJTYFd_6s3zDER6OJUD9GC0TM&authuser=0&hl=en&gl=US,3733909400483848936,0x31cc37abff5d814d:0x33d182d10f54e2e8,3.1596252999999996,101.7207488,Asia/Kuala_Lumpur,www.dewan.space/,dewan.space,"Wednesday(2026-06-24): [11 AM–3:30 PM, 6–9:30 PM], Thursday(2026-06-25): [11 AM–3:30 PM, 6–9:30 PM], Friday(2026-06-26): [11 AM–3:30 PM, 6–9:30 PM], Saturday(2026-06-27): [11 AM–5 PM, 6–9:30 PM], Sunday(2026-06-28): [11 AM–5 PM, 6–9:30 PM], Monday(2026-06-29): [11 AM–3:30 PM, 6–9:30 PM], Tuesday(2026-06-30): [11 AM–3:30 PM, 6–9:30 PM]",https://www.google.com/search?kgmid=/g/11h0yfzsk6,/g/11h0yfzsk6,https://www.google.com/maps?cid=3733909400483848936,ChIJTYFd_6s3zDER6OJUD9GC0TM,,,,,,,,Restaurants in Kuala Lumpur
Khatulistiwa Skyline Dining,"Level 10 & Rooftop, Bintang Collectionz Hotel, 68, Jln Bukit Bintang, Bukit Bintang, 55100 Kuala Lumpur, Wilayah Persekutuan Kuala Lumpur, Malaysia","Level 10 & Rooftop, Bintang Collectionz Hotel","68, Jln Bukit Bintang",Asian fusion restaurant;Filipino restaurant;Indonesian restaurant;Malaysian restaurant,"Service options: [Outdoor seating, No-contact delivery, Delivery, Onsite services, Takeout, Dine-in], Highlights: [Great dessert, Rooftop seating], Popular for: [Lunch, Dinner, Solo dining], Offerings: [Alcohol, Beer, Cocktails, Coffee, Happy hour drinks, Late-night food, Small plates], Dining options: [Breakfast, Brunch, Lunch, Dinner, Catering, Counter service, Dessert, Seating, Table service], Amenities: [Bar onsite, Gender-neutral restroom, Restroom, Wi-Fi, ], Atmosphere: [Casual, Cozy, Trendy], Crowd: [Family-friendly, Good for groups], Planning: [Accepts reservations], Payments: [Credit cards, Debit cards, NFC mobile payments, ], Children: [Good for kids], Parking: [Paid parking lot]",+60 11-1110 0711,"011-1110 0711, +60 11-1110 0711",YES,Khatulistiwa Skyline Dining (Owner),115681499778736820636,https://www.google.com/maps/contrib/115681499778736820636,114,4.6,https://search.google.com/local/reviews?placeid=ChIJx2TuRZg3zDERYn9aQXy8mOU&authuser=0&hl=en&gl=US,16544180473003933538,0x31cc379845ee64c7:0xe598bc7c415a7f62,3.1456592999999997,101.7096316,Asia/Kuala_Lumpur,,,"Wednesday(2026-06-24): [7 AM–2 AM], Thursday(2026-06-25): [7 AM–2 AM], Friday(2026-06-26): [7 AM–2 AM], Saturday(2026-06-27): [7 AM–2 AM], Sunday(2026-06-28): [7 AM–2 AM], Monday(2026-06-29): [7 AM–2 AM], Tuesday(2026-06-30): [7 AM–2 AM]",https://www.google.com/search?kgmid=/g/11x2d8wl_t,/g/11x2d8wl_t,https://www.google.com/maps?cid=16544180473003933538,ChIJx2TuRZg3zDERYn9aQXy8mOU,,,,,,,,Restaurants in Kuala Lumpur
ATAS,"7, Jalan Kia Peng, Kuala Lumpur, 50450 Kuala Lumpur, Wilayah Persekutuan Kuala Lumpur, Malaysia","7, Jalan Kia Peng",Kuala Lumpur,Malaysian restaurant;Restaurant,"Service options: [Outdoor seating, Dine-in], Highlights: [Great coffee, Great dessert], Popular for: [Lunch, Dinner, Solo dining], Accessibility: [Wheelchair accessible entrance, Wheelchair accessible parking lot, Wheelchair accessible restroom, Wheelchair accessible seating], Offerings: [Alcohol, Beer, Cocktails, Coffee, Hard liquor, Organic dishes, Small plates, Vegan options, Vegetarian options, Wine], Dining options: [Breakfast, Brunch, Lunch, Dinner, Dessert, Seating, Table service], Amenities: [Restroom, Wi-Fi, ], Atmosphere: [Cozy, Trendy], Crowd: [Family-friendly, Good for groups, Tourists], Planning: [Reservations required, Dinner reservations recommended, Accepts reservations], Payments: [Credit cards, Debit cards, NFC mobile payments, ], Children: [Good for kids, High chairs], Parking: [Free parking lot, Paid parking lot, ]",+60 3-2778 0763,"03-2778 0763, +60 3-2778 0763",YES,ATAS (Owner),116760803321457977208,https://www.google.com/maps/contrib/116760803321457977208,743,4.6,https://search.google.com/local/reviews?placeid=ChIJUcJx9YU3zDERGoadxueEEko&authuser=0&hl=en&gl=US,5337474639391983130,0x31cc3785f571c251:0x4a1284e7c69d861a,3.1523670999999998,101.7145106,Asia/Kuala_Lumpur,theruma.com/en/kuala-lumpur-luxury-hotel-dining/atas/,theruma.com,"Wednesday(2026-06-24): [12–2:30 PM, 6–10 PM], Thursday(2026-06-25): [12–2:30 PM, 6–10 PM], Friday(2026-06-26): [12–2:30 PM, 6–10 PM], Saturday(2026-06-27): [12–2:30 PM, 6–10 PM], Sunday(2026-06-28): [12–2:30 PM, 6–10 PM], Monday(2026-06-29): [12–2:30 PM, 6–10 PM], Tuesday(2026-06-30): [12–2:30 PM, 6–10 PM]",https://www.google.com/search?kgmid=/g/11j1_j4p80,/g/11j1_j4p80,https://www.google.com/maps?cid=5337474639391983130,ChIJUcJx9YU3zDERGoadxueEEko,,,,,,,,Restaurants in Kuala Lumpur
Positano Risto,"Block C1, Lot 2, Level G3, Publika Shopping Gallery, 1, Jln Dutamas 1, Solaris Dutamas, 50480 Kuala Lumpur, Wilayah Persekutuan Kuala Lumpur, Malaysia","Block C1, Lot 2, Level G3, Publika Shopping Gallery","1, Jln Dutamas 1",Italian restaurant,"Service options: [Outdoor seating, No-contact delivery, Delivery, Onsite services, Takeout, Dine-in], Highlights: [Great coffee, Great dessert], Popular for: [Lunch, Dinner, Solo dining], Accessibility: [Wheelchair accessible entrance, Wheelchair accessible parking lot, Wheelchair accessible restroom, Wheelchair accessible seating], Offerings: [Coffee, Quick bite, Vegan options, Vegetarian options], Dining options: [Brunch, Lunch, Dinner, Counter service, Dessert, Seating, Table service], Amenities: [Restroom, Wi-Fi, ], Atmosphere: [Casual, Cozy, Quiet, Romantic, Trendy, Upscale], Crowd: [Family-friendly, Good for groups], Planning: [Brunch reservations recommended, Lunch reservations recommended, Dinner reservations recommended, Accepts reservations], Payments: [Credit cards, Debit cards, NFC mobile payments], Children: [Good for kids, Good for kids birthday, Kids' menu], Parking: [Paid parking lot, Paid street parking, ]",+60 3-6411 3799,"03-6411 3799, +60 3-6411 3799",YES,Positano Risto (Owner),114961270573744492290,https://www.google.com/maps/contrib/114961270573744492290,3703,4.5,https://search.google.com/local/reviews?placeid=ChIJZy_2kg1JzDERAvoqASU0JSI&authuser=0&hl=en&gl=US,2460430104965872130,0x31cc490d92f62f67:0x22253425012afa02,3.1715819,101.6645253,Asia/Kuala_Lumpur,positanoristo.com.my/,positanoristo.com.my,"Wednesday(2026-06-24): [11 AM–10 PM], Thursday(2026-06-25): [11 AM–10 PM], Friday(2026-06-26): [11 AM–11 PM], Saturday(2026-06-27): [11 AM–11 PM], Sunday(2026-06-28): [11 AM–10 PM], Monday(2026-06-29): [11 AM–10 PM], Tuesday(2026-06-30): [11 AM–10 PM]",https://www.google.com/search?kgmid=/g/11gw34z544,/g/11gw34z544,https://www.google.com/maps?cid=2460430104965872130,ChIJZy_2kg1JzDERAvoqASU0JSI,,,,,,,,Restaurants in Kuala Lumpur
Coast by Kayra,"Lot G03-G05, Ground Floor, The Starhill, 181, Jln Bukit Bintang, Bukit Bintang, 55100 Kuala Lumpur, Wilayah Persekutuan Kuala Lumpur, Malaysia","Lot G03-G05, Ground Floor, The Starhill","181, Jln Bukit Bintang",Kerala restaurant,"Service options: [Onsite services, Takeout, Dine-in], Highlights: [Great dessert, Great tea selection], Popular for: [Lunch, Dinner, Solo dining], Offerings: [Alcohol, Beer, Cocktails, Coffee, Happy hour drinks, Hard liquor, Late-night food, Organic dishes, Private dining room, Small plates, Vegan options, Vegetarian options, Wine], Dining options: [Lunch, Dinner, Counter service, Dessert, Seating, Table service], Amenities: [Restroom], Atmosphere: [Cozy, Trendy], Crowd: [Family-friendly, Good for groups, Tourists], Planning: [Dinner reservations recommended, Accepts reservations], Payments: [Credit cards, Debit cards, NFC mobile payments], Children: [Good for kids], Parking: [Paid parking garage, Paid parking lot, , Valet parking]",+60 17-215 7264,"017-215 7264, +60 17-215 7264",YES,Coast by Kayra (Owner),104950275922967844334,https://www.google.com/maps/contrib/104950275922967844334,449,4.8,https://search.google.com/local/reviews?placeid=ChIJhy577zo3zDERTqZLk3L_x3M&authuser=0&hl=en&gl=US,8342917702289696334,0x31cc373aef7b2e87:0x73c7ff72934ba64e,3.1472727999999996,101.7141305,Asia/Kuala_Lumpur,coast.kayra.com.my/,coast.kayra.com.my,"Wednesday(2026-06-24): [12–10 PM], Thursday(2026-06-25): [12–10 PM], Friday(2026-06-26): [12–10 PM], Saturday(2026-06-27): [12–10 PM], Sunday(2026-06-28): [12–10 PM], Monday(2026-06-29): [12–10 PM], Tuesday(2026-06-30): [12:30–10 PM]",https://www.google.com/search?kgmid=/g/11vc6yn3sp,/g/11vc6yn3sp,https://www.google.com/maps?cid=8342917702289696334,ChIJhy577zo3zDERTqZLk3L_x3M,,,,,,,,Restaurants in Kuala Lumpur
Vasco's,"Lobby Level, Hilton Kuala Lumpur, 3, Jalan Stesen Sentral, Kuala Lumpur Sentral, 50470 Kuala Lumpur, Federal Territory of Kuala Lumpur, Malaysia","Lobby Level, Hilton Kuala Lumpur","3, Jalan Stesen Sentral",Buffet restaurant;Breakfast restaurant;Restaurant,"Service options: [Onsite services, Takeout, Dine-in, No delivery], Highlights: [Great dessert, Great tea selection], Popular for: [Breakfast, Lunch, Dinner, Solo dining], Accessibility: [Wheelchair accessible entrance, Wheelchair accessible parking lot, Wheelchair accessible seating,  Does not have assistive hearing loop], Offerings: [Alcohol, All you can eat, Beer, Cocktails, Coffee, Hard liquor, Healthy options, Organic dishes, Private dining room, Salad bar, Small plates, Vegan options, Vegetarian options, Wine], Dining options: [Breakfast, Brunch, Lunch, Dinner, Dessert, Seating, Table service], Amenities: [Restroom, Wi-Fi, ], Atmosphere: [Casual, Cozy, Trendy, Upscale], Crowd: [Family-friendly, Good for groups, Tourists], Planning: [Lunch reservations recommended, Reservations required, Dinner reservations recommended, Accepts reservations], Payments: [Checks, Credit cards, Debit cards, ], Children: [Good for kids, Has changing table(s), Kids' menu], Parking: [Paid parking garage, Paid parking lot, , Valet parking]",+60 12-680 2597,"012-680 2597, +60 12-680 2597",YES,Vasco's (Owner),111608994869789994073,https://www.google.com/maps/contrib/111608994869789994073,575,4.2,https://search.google.com/local/reviews?placeid=ChIJtWTU7sBJzDERHvY0t-WEDi8&authuser=0&hl=en&gl=US,3390793691612640798,0x31cc49c0eed464b5:0x2f0e84e5b734f61e,3.1355534,101.6859502,Asia/Kuala_Lumpur,www.sevenrooms.com/reservations/vascos/goog,sevenrooms.com,"Wednesday(2026-06-24): [6 AM–10:30 PM], Thursday(2026-06-25): [6 AM–10:30 PM], Friday(2026-06-26): [6 AM–10:30 PM], Saturday(2026-06-27): [6 AM–10:30 PM], Sunday(2026-06-28): [6 AM–10:30 PM], Monday(2026-06-29): [6 AM–10:30 PM], Tuesday(2026-06-30): [6 AM–10:30 PM]",https://www.google.com/search?kgmid=/g/12qh81rl5,/g/12qh81rl5,https://www.google.com/maps?cid=3390793691612640798,ChIJtWTU7sBJzDERHvY0t-WEDi8,,,,,,,,Restaurants in Kuala Lumpur
"Gastro Sentral, Le Méridien Kuala Lumpur","2, Jalan Stesen Sentral, Kuala Lumpur Sentral, 50470 Kuala Lumpur, Wilayah Persekutuan Kuala Lumpur, Malaysia","2, Jalan Stesen Sentral",Kuala Lumpur Sentral,Bistro;Restaurant,"Service options: [Onsite services, Takeout, Dine-in], Highlights: [Great cocktails, Great coffee, Great dessert, Great tea selection], Popular for: [Lunch, Dinner, Solo dining], Accessibility: [Wheelchair accessible entrance, Wheelchair accessible parking lot, Wheelchair accessible restroom, Wheelchair accessible seating], Offerings: [Alcohol, Beer, Cocktails, Coffee, Happy hour drinks, Hard liquor, Healthy options, Late-night food, Quick bite, Small plates, Vegetarian options, Wine], Dining options: [Breakfast, Brunch, Lunch, Dinner, Counter service, Dessert, Seating, Table service], Amenities: [Bar onsite, Restroom, Wi-Fi, ], Atmosphere: [Casual, Cozy, Trendy], Crowd: [Family-friendly, Good for groups, Tourists], Planning: [Brunch reservations recommended, Lunch reservations recommended, Reservations required, Dinner reservations recommended, Accepts reservations], Payments: [Credit cards, Debit cards, NFC mobile payments], Children: [Good for kids, High chairs], Parking: [Paid parking lot, ]",+60 3-2263 7888,"03-2263 7888, +60 3-2263 7888",YES,"Gastro Sentral, Le Méridien Kuala Lumpur (Owner)",107846398574657570584,https://www.google.com/maps/contrib/107846398574657570584,301,4.2,https://search.google.com/local/reviews?placeid=ChIJrzBd58BJzDERe3SMVmox_rA&authuser=0&hl=en&gl=US,12753685527548163195,0x31cc49c0e75d30af:0xb0fe316a568c747b,3.1357629,101.68617239999999,Asia/Kuala_Lumpur,marriottbonvoyasia.com/restaurants-bars/le-meridien-kuala-lumpur-gastro-sentral,marriottbonvoyasia.com,"Wednesday(2026-06-24): [12 PM–12 AM], Thursday(2026-06-25): [12 PM–12 AM], Friday(2026-06-26): [12 PM–12 AM], Saturday(2026-06-27): [12 PM–12 AM], Sunday(2026-06-28): [12 PM–12 AM], Monday(2026-06-29): [12 PM–12 AM], Tuesday(2026-06-30): [12 PM–12 AM]",https://www.google.com/search?kgmid=/g/12qg7tk9f,/g/12qg7tk9f,https://www.google.com/maps?cid=12753685527548163195,ChIJrzBd58BJzDERe3SMVmox_rA,,,,,,,,Restaurants in Kuala Lumpur
Restaurant Flora Terrace Kuala Lumpur,"Wisma Tancom, 326 Jalan Tuanku Abdul Rahman, Off, Jln Sultan Ismail, 50100 Kuala Lumpur, Federal Territory of Kuala Lumpur, Malaysia","Wisma Tancom, 326 Jalan Tuanku Abdul Rahman","Off, Jln Sultan Ismail",Restaurant,"From the business: [Identifies as women-owned], Service options: [Outdoor seating, No-contact delivery, Delivery, Onsite services, Takeout, Dine-in], Highlights: [Great coffee, Great dessert, Great tea selection], Popular for: [Lunch, Dinner, Solo dining], Accessibility: [Wheelchair accessible entrance, Wheelchair accessible parking lot, Wheelchair accessible restroom, Wheelchair accessible seating], Offerings: [Coffee, Halal food, Small plates], Dining options: [Brunch, Lunch, Dinner, Catering, Dessert, Seating, Table service], Amenities: [Restroom], Atmosphere: [Casual, Cozy, Quiet, Romantic, Trendy, Upscale], Crowd: [Good for groups], Planning: [Brunch reservations recommended, Lunch reservations recommended, Dinner reservations recommended, Accepts reservations], Payments: [Checks, Credit cards, Debit cards, NFC mobile payments, ], Children: [Good for kids, Good for kids birthday, Kids' menu], Parking: [Free parking lot, On-site parking, Paid parking lot, Paid street parking, , Valet parking]",+60 3-2604 0872,"03-2604 0872, +60 3-2604 0872",YES,Restaurant Flora Terrace Kuala Lumpur (Owner),100974482082819023118,https://www.google.com/maps/contrib/100974482082819023118,824,4.5,https://search.google.com/local/reviews?placeid=ChIJT5sx5to3zDER7Aw0XkGDgrw&authuser=0&hl=en&gl=US,13583563742879419628,0x31cc37dae6319b4f:0xbc8283415e340cec,3.1606802,101.69692649999999,Asia/Kuala_Lumpur,salesmudah.com/RestorenFloraTerraceKL,salesmudah.com,"Wednesday(2026-06-24): [11 AM–11 PM], Thursday(2026-06-25): [11 AM–11 PM], Friday(2026-06-26): [11 AM–11 PM], Saturday(2026-06-27): [11 AM–11 PM], Sunday(2026-06-28): [11 AM–11 PM], Monday(2026-06-29): [11 AM–11 PM], Tuesday(2026-06-30): [11 AM–11 PM]",https://www.google.com/search?kgmid=/g/12qhd5z2s,/g/12qhd5z2s,https://www.google.com/maps?cid=13583563742879419628,ChIJT5sx5to3zDER7Aw0XkGDgrw,,,,,,,,Restaurants in Kuala Lumpur
YEN,"W, Wilayah Persekutuan, 121, Jln Ampang, Kuala Lumpur, 50450 Kuala Lumpur, Federal Territory of Kuala Lumpur, Malaysia","W, Wilayah Persekutuan","121, Jln Ampang",Chinese restaurant,"Service options: [Delivery, Takeout, Dine-in], Highlights: [Great dessert, Great tea selection, Great wine list], Popular for: [Lunch, Dinner], Accessibility: [Wheelchair accessible entrance, Wheelchair accessible parking lot, Wheelchair accessible restroom], Offerings: [Alcohol, All you can eat, Beer, Cocktails, Coffee, Hard liquor, Organic dishes, Private dining room, Small plates, Vegan options, Vegetarian options, Wine], Dining options: [Brunch, Lunch, Dinner, Catering, Dessert, Table service], Amenities: [Restroom, Wi-Fi, ], Atmosphere: [Casual, Cozy, Trendy], Crowd: [Family-friendly, Good for groups, Tourists], Planning: [Brunch reservations recommended, Lunch reservations recommended, Reservations required, Dinner reservations recommended, Accepts reservations], Payments: [Credit cards, Debit cards, NFC mobile payments, ], Children: [Good for kids], Parking: [Paid parking garage, Paid parking lot, Paid street parking, , Valet parking]",+60 12-357 4788,"012-357 4788, +60 12-357 4788",YES,YEN (Owner),114845629698602336470,https://www.google.com/maps/contrib/114845629698602336470,410,4.6,https://search.google.com/local/reviews?placeid=ChIJgfeWedE3zDERlbse75mWun0&authuser=0&hl=en&gl=US,9059719188295105429,0x31cc37d17996f781:0x7dba9699ef1ebb95,3.1584973,101.7093967,Asia/Kuala_Lumpur,www.yenwkualalumpur.com/,yenwkualalumpur.com,"Wednesday(2026-06-24): [12–2:30 PM, 6–10 PM], Thursday(2026-06-25): [12–2:30 PM, 6–10 PM], Friday(2026-06-26): [12–2:30 PM, 6–10:30 PM], Saturday(2026-06-27): [11:30 AM–3 PM, 6–10:30 PM], Sunday(2026-06-28): [11:30 AM–3 PM, 6–10 PM], Monday(2026-06-29): [12–2:30 PM, 6–10 PM], Tuesday(2026-06-30): [12–2:30 PM, 6–10 PM]",https://www.google.com/search?kgmid=/g/11gv0v3s5k,/g/11gv0v3s5k,https://www.google.com/maps?cid=9059719188295105429,ChIJgfeWedE3zDERlbse75mWun0,,,,,,,,Restaurants in Kuala Lumpur
Ketuhar Malaysian Cuisine Restaurant,"Level 1 Menara Ruyi 30A Lorong Kapar, Jalan 2/87G,, Off Jalan Syed Putra, Federal Territory, 58000 Kuala Lumpur, Wilayah Persekutuan Kuala Lumpur, Malaysia","Level 1 Menara Ruyi 30A Lorong Kapar, Jalan 2/87G,, Off Jalan Syed Putra",Federal Territory,Fine dining restaurant,"Service options: [Takeout, Dine-in], Highlights: [Rooftop seating], Popular for: [Lunch, Dinner, Solo dining], Accessibility: [Wheelchair accessible entrance, Wheelchair accessible parking lot, Wheelchair accessible restroom, Wheelchair accessible seating], Offerings: [Alcohol, Coffee, Healthy options, Organic dishes, Small plates, Vegan options, Vegetarian options], Dining options: [Lunch, Dinner, Catering, Dessert, Table service], Amenities: [Bar onsite, Gender-neutral restroom, Restroom, Wi-Fi, ], Crowd: [Family-friendly, Good for groups], Payments: [Credit cards, Debit cards, NFC mobile payments], Children: [Good for kids, High chairs, Kids' menu], Parking: [Paid parking garage, Paid parking lot, ]",+60 3-2276 0855,"03-2276 0855, +60 3-2276 0855",YES,Ketuhar Malaysian Cuisine Restaurant (Owner),103752528267892175570,https://www.google.com/maps/contrib/103752528267892175570,142,4.8,https://search.google.com/local/reviews?placeid=ChIJmRyWgZJJzDER7msaS0yEqY8&authuser=0&hl=en&gl=US,10351950681700199406,0x31cc499281961c99:0x8fa9844c4b1a6bee,3.12221,101.68148099999999,Asia/Kuala_Lumpur,zellvwellness.com/services-eat/ketuhar-malaysian-cuisine,zellvwellness.com,"Wednesday(2026-06-24): [8 AM–8 PM], Thursday(2026-06-25): [8 AM–8 PM], Friday(2026-06-26): [8 AM–8 PM], Saturday(2026-06-27): [8 AM–8 PM], Sunday(2026-06-28): [8 AM–8 PM], Monday(2026-06-29): [8 AM–8 PM], Tuesday(2026-06-30): [8 AM–8 PM]",https://www.google.com/search?kgmid=/g/11c2kbcw0t,/g/11c2kbcw0t,https://www.google.com/maps?cid=10351950681700199406,ChIJmRyWgZJJzDER7msaS0yEqY8,,,,,,,,Restaurants in Kuala Lumpur
Hide,"Concourse, Ritz-Carlton Residences, 105, Jln Ampang, Kuala Lumpur, 50450 Kuala Lumpur, Wilayah Persekutuan Kuala Lumpur, Malaysia","Concourse, Ritz-Carlton Residences","105, Jln Ampang",Fine dining restaurant,"Service options: [Onsite services, Dine-in, No delivery, No takeout], Highlights: [Great cocktails, Great coffee, Great dessert, Great wine list], Popular for: [Lunch, Dinner, Solo dining], Offerings: [Alcohol, Beer, Cocktails, Coffee, Hard liquor, Wine], Dining options: [Lunch, Dinner, Dessert, Table service], Amenities: [Restroom, Wi-Fi], Atmosphere: [Cozy, Romantic, Trendy], Crowd: [Good for groups], Planning: [Reservations required, Dinner reservations recommended, Accepts reservations], Payments: [Credit cards, Debit cards, NFC mobile payments, ], Parking: [Paid parking garage, Paid parking lot]",+60 13-203 3627,"013-203 3627, +60 13-203 3627",YES,Hide (Owner),110995983309980430857,https://www.google.com/maps/contrib/110995983309980430857,104,4.5,https://search.google.com/local/reviews?placeid=ChIJNRKy0u5JzDERU7WuyvGaYV4&authuser=0&hl=en&gl=US,6800887275584402771,0x31cc49eed2b21235:0x5e619af1caaeb553,3.1566251999999997,101.7058481,Asia/Kuala_Lumpur,www.hidekl.com/,hidekl.com,"Wednesday(2026-06-24): [5:30–10:30 PM], Thursday(2026-06-25): [5:30–10:30 PM], Friday(2026-06-26): [12–2:30 PM, 5:30–10:30 PM], Saturday(2026-06-27): [12–2:30 PM, 5:30–10:30 PM], Sunday(2026-06-28): [Closed], Monday(2026-06-29): [Closed], Tuesday(2026-06-30): [5:30–10:30 PM]",https://www.google.com/search?kgmid=/g/11mhfpshmz,/g/11mhfpshmz,https://www.google.com/maps?cid=6800887275584402771,ChIJNRKy0u5JzDERU7WuyvGaYV4,,,,,,,,Restaurants in Kuala Lumpur
Graze,"Level 5, 3, Jalan Stesen Sentral, Kuala Lumpur Sentral, 50470 Kuala Lumpur, Wilayah Persekutuan Kuala Lumpur, Malaysia",Level 5,"3, Jalan Stesen Sentral",Italian restaurant,"Service options: [Onsite services, Dine-in, No delivery], Highlights: [Great coffee, Great dessert, Great wine list], Popular for: [Lunch, Dinner, Solo dining], Offerings: [Alcohol, Beer, Cocktails, Coffee, Hard liquor, Organic dishes, Private dining room, Small plates, Vegan options, Vegetarian options, Wine], Dining options: [Lunch, Dinner, Dessert, Seating, Table service], Amenities: [Restroom], Atmosphere: [Cozy, Romantic, Trendy], Crowd: [Good for groups], Planning: [Dinner reservations recommended, Accepts reservations], Payments: [Credit cards, Debit cards, NFC mobile payments, ], Parking: [Paid parking lot, ]",+60 3-2264 2264,"03-2264 2264, +60 3-2264 2264",YES,Graze (Owner),109693952392982947343,https://www.google.com/maps/contrib/109693952392982947343,228,4.6,https://search.google.com/local/reviews?placeid=ChIJ7eox6cBJzDERu3vtDZfjLEo&authuser=0&hl=en&gl=US,5344897095695170491,0x31cc49c0e931eaed:0x4a2ce3970ded7bbb,3.1352694999999997,101.68623889999999,Asia/Kuala_Lumpur,www.sevenrooms.com/reservations/graze/goog,sevenrooms.com,"Wednesday(2026-06-24): [12–2:30 PM, 6:30–10:30 PM], Thursday(2026-06-25): [12–2:30 PM, 6:30–10:30 PM], Friday(2026-06-26): [12–2:30 PM, 6:30–10:30 PM], Saturday(2026-06-27): [12–2:30 PM, 6:30–10:30 PM], Sunday(2026-06-28): [12–2:30 PM, 6:30–10:30 PM], Monday(2026-06-29): [Closed], Tuesday(2026-06-30): [12–2:30 PM, 6:30–10:30 PM]",https://www.google.com/search?kgmid=/g/12qfbbk4p,/g/12qfbbk4p,https://www.google.com/maps?cid=5344897095695170491,ChIJ7eox6cBJzDERu3vtDZfjLEo,,,,,,,,Restaurants in Kuala Lumpur
Halab Beremi Arabic Restaurant,"7, Jalan Beremi, Bukit Bintang, 50200 Kuala Lumpur, Wilayah Persekutuan Kuala Lumpur, Malaysia","7, Jalan Beremi",Bukit Bintang,Middle Eastern restaurant;Arab restaurant;Restaurant;Syrian restaurant,"Service options: [Outdoor seating, No-contact delivery, Delivery, Onsite services, Takeout, Dine-in], Highlights: [Great coffee, Great dessert, Great tea selection], Popular for: [Lunch, Dinner, Solo dining], Accessibility: [Wheelchair accessible entrance], Offerings: [Alcohol, Cocktails, Coffee, Late-night food, Organic dishes, Quick bite, Small plates, Vegetarian options], Dining options: [Breakfast, Brunch, Lunch, Dinner, Catering, Counter service, Dessert, Seating, Table service], Amenities: [Restroom, Wi-Fi, ], Atmosphere: [Casual, Cozy, Romantic, Trendy, Upscale], Crowd: [Family-friendly, Good for groups, Tourists], Planning: [Brunch reservations recommended, Reservations required, Dinner reservations recommended, Accepts reservations], Payments: [Credit cards, Debit cards, NFC mobile payments, ], Children: [Good for kids], Parking: [Paid parking lot, Paid street parking]",+60 17-992 6008,"017-992 6008, +60 17-992 6008",YES,Halab Beremi Arabic Restaurant (Owner),117911599922739730946,https://www.google.com/maps/contrib/117911599922739730946,3235,4.7,https://search.google.com/local/reviews?placeid=ChIJOVdv9WA3zDERn_F33W78Kgw&authuser=0&hl=en&gl=US,876790630569210271,0x31cc3760f56f5739:0xc2afc6edd77f19f,3.1475564,101.7103145,Asia/Kuala_Lumpur,halab.my/,halab.my,"Wednesday(2026-06-24): [8 AM–5 AM], Thursday(2026-06-25): [8 AM–5 AM], Friday(2026-06-26): [8 AM–5 AM], Saturday(2026-06-27): [8 AM–5 AM], Sunday(2026-06-28): [8 AM–5 AM], Monday(2026-06-29): [8 AM–5 AM], Tuesday(2026-06-30): [8 AM–5 AM]",https://www.google.com/search?kgmid=/g/11gmfr46sc,/g/11gmfr46sc,https://www.google.com/maps?cid=876790630569210271,ChIJOVdv9WA3zDERn_F33W78Kgw,,,,,,,,Restaurants in Kuala Lumpur
"Lai Foong Lala Noodles, Kuala Lumpur","99, Jalan Sultan, City Centre, 50000 Kuala Lumpur, Wilayah Persekutuan Kuala Lumpur, Malaysia","99, Jalan Sultan",Kuala Lumpur City Centre,Chinese noodle restaurant;Chinese restaurant;Noodle shop,"Service options: [Delivery, Onsite services, Takeout, Dine-in], Popular for: [Breakfast, Lunch, Dinner, Solo dining], Accessibility: [No wheelchair accessible parking lot], Offerings: [Alcohol, Beer, Coffee, Quick bite, Small plates], Dining options: [Breakfast, Lunch, Dinner, Counter service, Dessert, Seating, Table service], Amenities: [Restroom], Atmosphere: [Casual, Cozy, Trendy], Crowd: [Good for groups, Tourists], Payments: [Credit cards, Debit cards, NFC mobile payments, ], Children: [Good for kids, High chairs], Parking: [Paid parking lot, Paid street parking, ]",+60 3-2022 2011,"03-2022 2011, +60 3-2022 2011",YES,"Lai Foong Lala Noodles, Kuala Lumpur (Owner)",112760487804778061541,https://www.google.com/maps/contrib/112760487804778061541,2686,4,https://search.google.com/local/reviews?placeid=ChIJPVGtDrxJzDERatQnLHBYARk&authuser=0&hl=en&gl=US,1801818564725298282,0x31cc49bc0ead513d:0x190158702c27d46a,3.1446077,101.69874329999999,Asia/Kuala_Lumpur,foodpanda.page.link/BBdwqpQvam4o6kFz5,foodpanda.page.link,"Wednesday(2026-06-24): [9 AM–10 PM], Thursday(2026-06-25): [9 AM–10 PM], Friday(2026-06-26): [9 AM–10 PM], Saturday(2026-06-27): [9 AM–10 PM], Sunday(2026-06-28): [9 AM–10 PM], Monday(2026-06-29): [10 AM–10 PM], Tuesday(2026-06-30): [9 AM–10 PM]",https://www.google.com/search?kgmid=/g/11hkc_tq5m,/g/11hkc_tq5m,https://www.google.com/maps?cid=1801818564725298282,ChIJPVGtDrxJzDERatQnLHBYARk,,,,,,,,Restaurants in Kuala Lumpur
Chynna,"Lobby Level, Hilton Kuala Lumpur, 3, Jalan Stesen Sentral, Kuala Lumpur Sentral, 50470 Kuala Lumpur, Federal Territory of Kuala Lumpur, Malaysia","Lobby Level, Hilton Kuala Lumpur","3, Jalan Stesen Sentral",Chinese restaurant;Cantonese restaurant,"Service options: [Onsite services, Takeout, Dine-in, No delivery], Highlights: [Great dessert, Great tea selection], Popular for: [Lunch, Dinner], Accessibility: [Wheelchair accessible entrance, Wheelchair accessible parking lot, Wheelchair accessible seating,  Does not have assistive hearing loop], Offerings: [Alcohol, Beer, Cocktails, Coffee, Hard liquor, Organic dishes, Private dining room, Small plates, Vegan options, Vegetarian options, Wine], Dining options: [Lunch, Dinner, Dessert, Seating, Table service], Amenities: [Restroom, Wi-Fi, ], Atmosphere: [Casual, Cozy, Trendy, Upscale], Crowd: [Family-friendly, Good for groups, Tourists], Planning: [Lunch reservations recommended, Reservations required, Dinner reservations recommended, Accepts reservations], Payments: [Checks, Credit cards, Debit cards, NFC mobile payments, ], Children: [Good for kids, Has changing table(s), High chairs], Parking: [Paid parking garage, Paid parking lot, , Valet parking]",+60 19-228 1253,"019-228 1253, +60 19-228 1253",YES,Chynna (Owner),100749306451225460510,https://www.google.com/maps/contrib/100749306451225460510,343,4.3,https://search.google.com/local/reviews?placeid=ChIJS1D268BJzDERIqqh9HKGhVU&authuser=0&hl=en&gl=US,6162479493415021090,0x31cc49c0ebf6504b:0x55858672f4a1aa22,3.1355333,101.6861929,Asia/Kuala_Lumpur,www.sevenrooms.com/reservations/chynna/goog,sevenrooms.com,"Wednesday(2026-06-24): [12–2:30 PM, 6:30–10:30 PM], Thursday(2026-06-25): [12–2:30 PM, 6:30–10:30 PM], Friday(2026-06-26): [12–2:30 PM, 6:30–10:30 PM], Saturday(2026-06-27): [11 AM–2:30 PM, 6:30–10:30 PM], Sunday(2026-06-28): [11 AM–2:30 PM, 6:30–10:30 PM], Monday(2026-06-29): [12–2:30 PM, 6:30–10:30 PM], Tuesday(2026-06-30): [12–2:30 PM, 6:30–10:30 PM]",https://www.google.com/search?kgmid=/g/12qfkgng2,/g/12qfkgng2,https://www.google.com/maps?cid=6162479493415021090,ChIJS1D268BJzDERIqqh9HKGhVU,,,,,,,,Restaurants in Kuala Lumpur
Annalakshmi Vegetarian Restaurant Kuala Lumpur,"116, Jalan Berhala, Brickfields, 50470 Kuala Lumpur, Wilayah Persekutuan Kuala Lumpur, Malaysia","116, Jalan Berhala",Brickfields,Vegetarian restaurant,"Service options: [Onsite services, Takeout, Dine-in], Highlights: [Great coffee, Great dessert, Great tea selection], Popular for: [Lunch, Dinner, Solo dining], Accessibility: [Wheelchair accessible entrance, Wheelchair accessible parking lot, Wheelchair accessible restroom, Wheelchair accessible seating], Offerings: [All you can eat, Coffee, Healthy options, Private dining room, Quick bite, Small plates, Vegan options, Vegetarian options], Dining options: [Brunch, Lunch, Dinner, Catering, Counter service, Dessert, Table service], Amenities: [Restroom], Atmosphere: [Casual, Cozy, Quiet, Trendy], Crowd: [Good for groups, Tourists], Planning: [Brunch reservations recommended, Lunch reservations recommended, Dinner reservations recommended, Accepts reservations], Payments: [Credit cards, Debit cards, NFC mobile payments, ], Children: [Good for kids], Parking: [Free street parking, Paid street parking]",+60 12-747 4895,"012-747 4895, +60 12-747 4895",YES,Annalakshmi Vegetarian Restaurant Kuala Lumpur (Owner),105077721495432220299,https://www.google.com/maps/contrib/105077721495432220299,1901,4.5,https://search.google.com/local/reviews?placeid=ChIJAAAAAOxJzDERyp0riNSkJIg&authuser=0&hl=en&gl=US,9810147121044364746,0x31cc49ec00000000:0x8824a4d4882b9dca,3.1278307,101.6876193,Asia/Kuala_Lumpur,annalakshmi.com.my/,annalakshmi.com.my,"Wednesday(2026-06-24): [11:30 AM–2:30 PM, 6–9:30 PM], Thursday(2026-06-25): [11:30 AM–2:30 PM, 6–9:30 PM], Friday(2026-06-26): [11:30 AM–2:30 PM, 6–9:30 PM], Saturday(2026-06-27): [11:30 AM–2:30 PM, 6–9:30 PM], Sunday(2026-06-28): [11:30 AM–2:30 PM, 4:30–8 PM], Monday(2026-06-29): [Closed], Tuesday(2026-06-30): [11:30 AM–2:30 PM, 6–9:30 PM]",https://www.google.com/search?kgmid=/g/1tlbr6zb,/g/1tlbr6zb,https://www.google.com/maps?cid=9810147121044364746,ChIJAAAAAOxJzDERyp0riNSkJIg,,,,,,,,Restaurants in Kuala Lumpur
Passage Thru India,"4, Jalan Delima, Off, Jln Bukit Bintang, 50400 Kuala Lumpur, Federal Territory of Kuala Lumpur, Malaysia","4, Jalan Delima","Off, Jln Bukit Bintang",Indian restaurant,"Service options: [Outdoor seating, No-contact delivery, Delivery, Onsite services, Takeout, Dine-in], Highlights: [Great coffee, Great dessert, Great tea selection], Popular for: [Lunch, Dinner, Solo dining], Accessibility: [Wheelchair accessible entrance, Wheelchair accessible parking lot, Wheelchair accessible seating], Offerings: [Alcohol, Beer, Coffee, Hard liquor, Quick bite, Small plates, Vegetarian options, Wine], Dining options: [Brunch, Lunch, Dinner, Catering, Dessert, Seating, Table service], Amenities: [Restroom], Atmosphere: [Casual, Cozy, Quiet, Romantic, Trendy, Upscale], Crowd: [Family-friendly, Good for groups, Tourists], Planning: [Brunch reservations recommended, Lunch reservations recommended, Dinner reservations recommended, Accepts reservations], Payments: [Credit cards, Debit cards, NFC mobile payments, ], Children: [Good for kids], Parking: [Free parking lot, Free street parking, Paid parking lot, ]",+60 17-998 9427,"017-998 9427, +60 17-998 9427",YES,Passage Thru India (Owner),112314118433747073417,https://www.google.com/maps/contrib/112314118433747073417,2868,4.5,https://search.google.com/local/reviews?placeid=ChIJQZxS1jM2zDERyFaychAmqwU&authuser=0&hl=en&gl=US,408462043292784328,0x31cc3633d6529c41:0x5ab261072b256c8,3.1467502,101.7211086,Asia/Kuala_Lumpur,instagram.com/passagethruindia3?igshid=YmMyMTA2M2Y=,instagram.com,"Wednesday(2026-06-24): [11:30 AM–3 PM, 6–10 PM], Thursday(2026-06-25): [11:30 AM–3 PM, 6–10 PM], Friday(2026-06-26): [11:30 AM–3 PM, 6–10 PM], Saturday(2026-06-27): [11:30 AM–4 PM, 6–10:30 PM], Sunday(2026-06-28): [11:30 AM–3 PM, 6–10 PM], Monday(2026-06-29): [11:30 AM–3 PM, 6–10 PM], Tuesday(2026-06-30): [11:30 AM–3 PM, 6–10 PM]",https://www.google.com/search?kgmid=/g/1tj4w658,/g/1tj4w658,https://www.google.com/maps?cid=408462043292784328,ChIJQZxS1jM2zDERyFaychAmqwU,,,,,,,,Restaurants in Kuala Lumpur
WTF Restaurant,"98, Lrg Maarof, Bangsar, 59100 Kuala Lumpur, Wilayah Persekutuan Kuala Lumpur, Malaysia","98, Lrg Maarof",Bangsar,Vegetarian restaurant;Bakery;Cake shop;Dessert shop;Indian restaurant;Vegan restaurant,"Service options: [No-contact delivery, Delivery, Onsite services, Takeout, Dine-in], Highlights: [Great coffee, Great dessert, Great tea selection], Popular for: [Lunch, Dinner, Solo dining], Accessibility: [Wheelchair accessible seating,  Does not have assistive hearing loop, No wheelchair accessible entrance, No wheelchair accessible parking lot], Offerings: [Alcohol, Beer, Coffee, Healthy options, Quick bite, Small plates, Vegan options, Vegetarian options], Dining options: [Brunch, Lunch, Dinner, Catering, Dessert, Seating, Table service], Amenities: [Restroom, Wi-Fi, ], Atmosphere: [Casual, Cozy, Trendy], Crowd: [Family-friendly, Good for groups, Tourists], Planning: [Brunch reservations recommended, Lunch reservations recommended, Reservations required, Dinner reservations recommended, Accepts reservations], Payments: [Credit cards, Debit cards, ], Children: [Good for kids, Good for kids birthday, High chairs, Kids' menu], Parking: [Free parking lot, Free street parking, Paid parking lot, Paid street parking]",+60 19-261 7070,"019-261 7070, +60 19-261 7070",YES,WTF Restaurant (Owner),107471814618035714707,https://www.google.com/maps/contrib/107471814618035714707,4298,4.6,https://search.google.com/local/reviews?placeid=ChIJ1dfEh6hJzDERrXgCs7couWg&authuser=0&hl=en&gl=US,7546107420083386541,0x31cc49a887c4d7d5:0x68b928b7b30278ad,3.1324601,101.6731023,Asia/Kuala_Lumpur,,,"Wednesday(2026-06-24): [11 AM–10:30 PM], Thursday(2026-06-25): [11 AM–10:30 PM], Friday(2026-06-26): [11 AM–11 PM], Saturday(2026-06-27): [11 AM–11 PM], Sunday(2026-06-28): [11 AM–11 PM], Monday(2026-06-29): [11 AM–9:30 PM], Tuesday(2026-06-30): [11 AM–10:30 PM]",https://www.google.com/search?kgmid=/g/12qgf3y0h,/g/12qgf3y0h,https://www.google.com/maps?cid=7546107420083386541,ChIJ1dfEh6hJzDERrXgCs7couWg,,,,,,,,Restaurants in Kuala Lumpur
Entier French Dining,"Level 41, Alila Bangsar, 58, Jalan Ang Seng, Brickfields, 50470 Kuala Lumpur, Federal Territory of Kuala Lumpur, Malaysia","Level 41, Alila Bangsar","58, Jalan Ang Seng",Modern French restaurant,"Service options: [Delivery, Onsite services, Takeout, Dine-in], Highlights: [Great cocktails, Great coffee, Great dessert, Great tea selection, Great wine list, Rooftop seating], Popular for: [Lunch, Dinner, Solo dining], Accessibility: [Wheelchair accessible entrance, Wheelchair accessible parking lot, Wheelchair accessible restroom, Wheelchair accessible seating], Offerings: [Alcohol, Beer, Cocktails, Coffee, Hard liquor, Private dining room, Vegetarian options, Wine], Dining options: [Breakfast, Brunch, Lunch, Dinner, Catering, Dessert, Table service], Amenities: [Bar onsite, Restroom], Atmosphere: [Cozy, Quiet, Romantic, Trendy, Upscale], Crowd: [Good for groups, Tourists], Planning: [Brunch reservations recommended, Lunch reservations recommended, Reservations required, Dinner reservations recommended, Accepts reservations], Payments: [Credit cards, Debit cards, NFC mobile payments], Parking: [Paid parking lot, Paid street parking, ]",+60 3-2268 3819,"03-2268 3819, +60 3-2268 3819",YES,Entier French Dining (Owner),107200405272375479390,https://www.google.com/maps/contrib/107200405272375479390,1555,4.4,https://search.google.com/local/reviews?placeid=ChIJC6IDC5RJzDER8J9Hr0LKF7k&authuser=0&hl=en&gl=US,13337351209238372336,0x31cc49940b03a20b:0xb917ca42af479ff0,3.128095,101.6803012,Asia/Kuala_Lumpur,entierfrenchdining.com/,entierfrenchdining.com,"Wednesday(2026-06-24): [12–3 PM, 6–9 PM], Thursday(2026-06-25): [12–3 PM, 6–9 PM], Friday(2026-06-26): [12–3 PM, 6–9 PM], Saturday(2026-06-27): [12–3 PM, 6–9 PM], Sunday(2026-06-28): [12–3 PM, 6–9 PM], Monday(2026-06-29): [12–3 PM, 6–9 PM], Tuesday(2026-06-30): [12–3 PM, 6–9 PM]",https://www.google.com/search?kgmid=/g/11hd1v3cvg,/g/11hd1v3cvg,https://www.google.com/maps?cid=13337351209238372336,ChIJC6IDC5RJzDER8J9Hr0LKF7k,,,,,,,,Restaurants in Kuala Lumpur
Tarbush Gourmet Restaurant JW Marriott,"Upper Ground (UG) Floor, JW Marriott Hotel, 181, Jln Bukit Bintang, Bukit Bintang, 55100 Kuala Lumpur, Wilayah Persekutuan Kuala Lumpur, Malaysia","Upper Ground (UG) Floor, JW Marriott Hotel","181, Jln Bukit Bintang",Middle Eastern restaurant,"Service options: [Delivery, Takeout, Dine-in], Highlights: [Great coffee, Great dessert, Great tea selection], Popular for: [Lunch, Dinner, Solo dining], Accessibility: [Wheelchair accessible entrance, Wheelchair accessible parking lot, Wheelchair accessible restroom], Offerings: [Coffee, Small plates], Dining options: [Breakfast, Brunch, Lunch, Dinner, Catering, Dessert, Table service], Amenities: [Restroom], Atmosphere: [Casual, Cozy, Trendy], Crowd: [Good for groups], Planning: [Accepts reservations], Payments: [Credit cards, Debit cards, NFC mobile payments, ], Children: [Good for kids], Parking: [Paid parking lot, ]",+60 3-2715 2785,"03-2715 2785, +60 3-2715 2785",YES,Tarbush Gourmet Restaurant JW Marriott (Owner),112396103556896504892,https://www.google.com/maps/contrib/112396103556896504892,1201,4.8,https://search.google.com/local/reviews?placeid=ChIJ-eAAhl43zDERHxkl8xfNjGU&authuser=0&hl=en&gl=US,7317448997317450015,0x31cc375e8600e0f9:0x658ccd17f325191f,3.1473393,101.713796,Asia/Kuala_Lumpur,tarbush.com.my/,tarbush.com.my,"Wednesday(2026-06-24): [10 AM–2 AM], Thursday(2026-06-25): [10 AM–2 AM], Friday(2026-06-26): [10 AM–2 AM], Saturday(2026-06-27): [10 AM–2 AM], Sunday(2026-06-28): [10 AM–2 AM], Monday(2026-06-29): [10 AM–2 AM], Tuesday(2026-06-30): [10 AM–2 AM]",https://www.google.com/search?kgmid=/g/11fqttkb_5,/g/11fqttkb_5,https://www.google.com/maps?cid=7317448997317450015,ChIJ-eAAhl43zDERHxkl8xfNjGU,,,,,,,,Restaurants in Kuala Lumpur
Monal Restaurant Kuala Lumpur,"84 & 86, Jln Sultan Azlan Shah, Chow Kit, 51200 Kuala Lumpur, Wilayah Persekutuan Kuala Lumpur, Malaysia","84 & 86, Jln Sultan Azlan Shah",Chow Kit,Pakistani restaurant,"Service options: [Outdoor seating, Delivery, Drive-through, Onsite services, Takeout, Dine-in], Highlights: [Great dessert, Great tea selection], Popular for: [Breakfast, Lunch, Dinner, Solo dining], Accessibility: [Wheelchair accessible seating], Offerings: [Coffee, Late-night food, Private dining room, Quick bite, Small plates, Vegetarian options], Dining options: [Breakfast, Brunch, Lunch, Dinner, Catering, Counter service, Dessert, Seating, Table service], Amenities: [Restroom], Atmosphere: [Casual, Quiet], Crowd: [Good for groups, Tourists], Planning: [Accepts reservations], Payments: [Credit cards, Debit cards, NFC mobile payments], Children: [Good for kids], Parking: [Free parking lot, Free street parking]",+60 12-343 7786,"012-343 7786, +60 12-343 7786",YES,Monal Restaurant Kuala Lumpur (Owner),115138737830371563707,https://www.google.com/maps/contrib/115138737830371563707,523,4.6,https://search.google.com/local/reviews?placeid=ChIJ--G-I9RJzDERxl1Q5GF5Ea0&authuser=0&hl=en&gl=US,12470882304514874822,0x31cc49d423bee1fb:0xad117961e4505dc6,3.1692698999999998,101.69566209999999,Asia/Kuala_Lumpur,,,"Wednesday(2026-06-24): [11:30 AM–1:30 AM], Thursday(2026-06-25): [11:30 AM–1:30 AM], Friday(2026-06-26): [11:30 AM–1:30 AM], Saturday(2026-06-27): [11:30 AM–1:30 AM], Sunday(2026-06-28): [11:30 AM–1:30 AM], Monday(2026-06-29): [11:30 AM–1:30 AM], Tuesday(2026-06-30): [11:30 AM–1:30 AM]",https://www.google.com/search?kgmid=/g/11lyxxqbbf,/g/11lyxxqbbf,https://www.google.com/maps?cid=12470882304514874822,ChIJ--G-I9RJzDERxl1Q5GF5Ea0,,,,,,,,Restaurants in Kuala Lumpur
Junior Kuppanna - Kuala Lumpur,"No: 10 & 12 Jalan Gereja, Lebuh Ampang, 50100 Kuala Lumpur, Federal Territory of Kuala Lumpur, Malaysia",No: 10 & 12 Jalan Gereja,Lebuh Ampang,Family restaurant;Biryani restaurant;Chettinad restaurant;Indian restaurant;Non vegetarian restaurant;South Indian restaurant,"Service options: [No-contact delivery, Delivery, Onsite services, Takeout, Dine-in], Highlights: [Great dessert, Great tea selection], Popular for: [Lunch, Dinner, Solo dining], Accessibility: [Wheelchair accessible seating], Offerings: [Coffee, Quick bite, Small plates, Vegetarian options], Dining options: [Brunch, Lunch, Dinner, Catering, Counter service, Dessert, Table service], Amenities: [Gender-neutral restroom, Restroom], Atmosphere: [Casual, Trendy], Crowd: [Good for groups, Tourists], Planning: [Accepts reservations], Payments: [Credit cards, Debit cards, NFC mobile payments, ], Children: [Good for kids], Parking: [Paid parking lot, Paid street parking]",+60 18-957 1098,"018-957 1098, +60 18-957 1098",YES,Junior Kuppanna - Kuala Lumpur (Owner),105584301164317695024,https://www.google.com/maps/contrib/105584301164317695024,3160,4.5,https://search.google.com/local/reviews?placeid=ChIJqQLDmThJzDER20zOpudqaaQ&authuser=0&hl=en&gl=US,11847117837943327963,0x31cc493899c302a9:0xa4696ae7a6ce4cdb,3.149869,101.697767,Asia/Kuala_Lumpur,kuppanna.com/,kuppanna.com,"Wednesday(2026-06-24): [11 AM–11 PM], Thursday(2026-06-25): [11 AM–11 PM], Friday(2026-06-26): [11 AM–11 PM], Saturday(2026-06-27): [11 AM–11 PM], Sunday(2026-06-28): [11 AM–11 PM], Monday(2026-06-29): [11 AM–11 PM], Tuesday(2026-06-30): [11 AM–11 PM]",https://www.google.com/search?kgmid=/g/11sthgqv8q,/g/11sthgqv8q,https://www.google.com/maps?cid=11847117837943327963,ChIJqQLDmThJzDER20zOpudqaaQ,,,,,,,,Restaurants in Kuala Lumpur
The Brasserie,"Level 2, The St. Regis, 6, Jalan Stesen Sentral 2, Kuala Lumpur Sentral, 50470 Kuala Lumpur, Wilayah Persekutuan Kuala Lumpur, Malaysia","Level 2, The St. Regis","6, Jalan Stesen Sentral 2",Restaurant,"Service options: [Takeout, Dine-in], Highlights: [Great cocktails, Great coffee, Great dessert, Great tea selection, Great wine list], Popular for: [Breakfast, Lunch, Dinner, Solo dining], Accessibility: [Wheelchair accessible entrance, Wheelchair accessible parking lot, Wheelchair accessible restroom, Wheelchair accessible seating], Offerings: [Alcohol, Beer, Cocktails, Coffee, Halal food, Hard liquor, Private dining room, Vegetarian options, Wine], Dining options: [Breakfast, Brunch, Lunch, Dinner, Catering, Dessert, Seating, Table service], Amenities: [Bar onsite, Restroom, Wi-Fi, ], Atmosphere: [Cozy, Romantic, Trendy], Crowd: [Family-friendly, Good for groups, Tourists], Planning: [Brunch reservations recommended, Dinner reservations recommended, Accepts reservations], Payments: [Credit cards, Debit cards, NFC mobile payments, ], Children: [Good for kids, Kids' menu], Parking: [Free parking lot, Paid parking garage, Paid parking lot, , Valet parking]",+60 3-2727 6696,"03-2727 6696, +60 3-2727 6696",YES,The Brasserie (Owner),110839022869788090357,https://www.google.com/maps/contrib/110839022869788090357,189,4.1,https://search.google.com/local/reviews?placeid=ChIJx7E4Z45JzDERZqQzDnuSib0&authuser=0&hl=en&gl=US,13657608402194637926,0x31cc498e6738b1c7:0xbd89927b0e33a466,3.1368628999999997,101.6887727,Asia/Kuala_Lumpur,www.thebrasseriekl.com/,thebrasseriekl.com,"Wednesday(2026-06-24): [6:30 AM–10 PM], Thursday(2026-06-25): [6:30 AM–10 PM], Friday(2026-06-26): [6:30 AM–10 PM], Saturday(2026-06-27): [6:30 AM–10 PM], Sunday(2026-06-28): [6:30 AM–10 PM], Monday(2026-06-29): [6:30 AM–10 PM], Tuesday(2026-06-30): [6:30 AM–10 PM]",https://www.google.com/search?kgmid=/g/1tj7sx51,/g/1tj7sx51,https://www.google.com/maps?cid=13657608402194637926,ChIJx7E4Z45JzDERZqQzDnuSib0,,,,,,,,Restaurants in Kuala Lumpur
India Gate Restaurant @Bangsar,"26, Jalan Telawi 2, Bangsar, 59100 Kuala Lumpur, Wilayah Persekutuan Kuala Lumpur, Malaysia","26, Jalan Telawi 2",Bangsar,Indian restaurant,"Service options: [No-contact delivery, Delivery, Onsite services, Takeout, Dine-in], Highlights: [Great dessert, Great tea selection], Popular for: [Lunch, Dinner, Solo dining], Accessibility: [Wheelchair accessible entrance, Wheelchair accessible seating], Offerings: [Coffee, Late-night food, Quick bite, Small plates, Vegetarian options], Dining options: [Breakfast, Brunch, Lunch, Dinner, Catering, Dessert, Seating, Table service], Amenities: [Restroom, Wi-Fi, ], Atmosphere: [Casual, Cozy, Trendy], Crowd: [Family-friendly, Good for groups, Tourists], Planning: [Brunch reservations recommended, Lunch reservations recommended, Dinner reservations recommended, Accepts reservations, Usually a wait], Payments: [Credit cards, Debit cards, NFC mobile payments, ], Children: [Good for kids, High chairs], Parking: [Free street parking, Paid parking lot, Paid street parking, ]",+60 11-3301 1930,"011-3301 1930, +60 11-3301 1930",YES,India Gate Restaurant @Bangsar (Owner),109896065195993282392,https://www.google.com/maps/contrib/109896065195993282392,5345,4.9,https://search.google.com/local/reviews?placeid=ChIJobzwOIBJzDERmADxknMt3_8&authuser=0&hl=en&gl=US,18437505373887856792,0x31cc498038f0bca1:0xffdf2d7392f10098,3.1318234,101.6718065,Asia/Kuala_Lumpur,www.indiagate.my/,indiagate.my,"Wednesday(2026-06-24): [11 AM–12 AM], Thursday(2026-06-25): [11 AM–12 AM], Friday(2026-06-26): [11 AM–12 AM], Saturday(2026-06-27): [11 AM–12 AM], Sunday(2026-06-28): [11 AM–12 AM], Monday(2026-06-29): [11 AM–12 AM], Tuesday(2026-06-30): [11 AM–12 AM]",https://www.google.com/search?kgmid=/g/11q40d67zt,/g/11q40d67zt,https://www.google.com/maps?cid=18437505373887856792,ChIJobzwOIBJzDERmADxknMt3_8,,,,,,,,Restaurants in Kuala Lumpur
Paradise Restaurant,"opposite cimb bank, 44, Jln Bukit Bintang, Bukit Bintang, 55100 Kuala Lumpur, Federal Territory of Kuala Lumpur, Malaysia",opposite cimb bank,"44, Jln Bukit Bintang",Pakistani restaurant;Indian restaurant,"Service options: [Delivery, Onsite services, Takeout, Dine-in], Highlights: [Great dessert, Great tea selection], Popular for: [Breakfast, Lunch, Dinner, Solo dining], Accessibility: [Wheelchair accessible seating, No wheelchair accessible parking lot], Offerings: [All you can eat, Coffee, Late-night food, Quick bite, Small plates, Vegetarian options], Dining options: [Breakfast, Brunch, Lunch, Dinner, Catering, Counter service, Dessert, Table service], Amenities: [Restroom], Atmosphere: [Casual, Cozy, Trendy], Crowd: [College students, Good for groups, Tourists], Planning: [Brunch reservations recommended, Accepts reservations], Payments: [Credit cards, Debit cards, NFC mobile payments, ], Children: [Good for kids], Parking: []",+60 3-2110 6334,"03-2110 6334, +60 3-2110 6334",YES,Paradise Restaurant (Owner),112055474897531355470,https://www.google.com/maps/contrib/112055474897531355470,2317,4.2,https://search.google.com/local/reviews?placeid=ChIJa4z0mCk2zDERultSmcVsdHM&authuser=0&hl=en&gl=US,8319394007596817338,0x31cc362998f48c6b:0x73746cc599525bba,3.1451092,101.70901049999999,Asia/Kuala_Lumpur,facebook.com/Paradise-Restaurant-Kuala-Lumpur-518534088345265/,facebook.com,"Wednesday(2026-06-24): [Open 24 hours], Thursday(2026-06-25): [Open 24 hours], Friday(2026-06-26): [Open 24 hours], Saturday(2026-06-27): [Open 24 hours], Sunday(2026-06-28): [Open 24 hours], Monday(2026-06-29): [Open 24 hours], Tuesday(2026-06-30): [Open 24 hours]",https://www.google.com/search?kgmid=/g/1tfpxbwm,/g/1tfpxbwm,https://www.google.com/maps?cid=8319394007596817338,ChIJa4z0mCk2zDERultSmcVsdHM,,,,,,,,Restaurants in Kuala Lumpur
Shang Palace • Shangri-La Hotel • Kuala Lumpur,"11, Jln Sultan Ismail, Kuala Lumpur, 50250 Kuala Lumpur, Wilayah Persekutuan Kuala Lumpur, Malaysia","11, Jln Sultan Ismail",Kuala Lumpur,Chinese restaurant;Cantonese restaurant,"Service options: [Delivery, Takeout, Dine-in], Highlights: [Great dessert, Great tea selection], Popular for: [Lunch, Dinner, Solo dining], Accessibility: [Wheelchair accessible entrance, Wheelchair accessible parking lot, Wheelchair accessible restroom, Wheelchair accessible seating], Offerings: [Alcohol, Beer, Coffee, Hard liquor, Private dining room, Small plates, Wine], Dining options: [Brunch, Lunch, Dinner, Dessert, Table service], Amenities: [Restroom], Atmosphere: [Cozy, Trendy, Upscale], Crowd: [Good for groups, Tourists], Planning: [Brunch reservations recommended, Lunch reservations recommended, Dinner reservations recommended, Accepts reservations], Payments: [Credit cards, Debit cards, NFC mobile payments], Children: [Good for kids], Parking: [Paid parking lot, ]",+60 3-2786 2378,"03-2786 2378, +60 3-2786 2378",YES,Shang Palace • Shangri-La Hotel • Kuala Lumpur (Owner),112537844897079392432,https://www.google.com/maps/contrib/112537844897079392432,685,4.4,https://search.google.com/local/reviews?placeid=ChIJX6CxcipIzDERronDTCpTTgE&authuser=0&hl=en&gl=US,94104083362974126,0x31cc482a72b1a05f:0x14e532a4cc389ae,3.15421,101.70626999999999,Asia/Kuala_Lumpur,www.shangri-la.com/en/property/kualalumpur/shangrila/dining/restaurant/shangpalace,shangri-la.com,"Wednesday(2026-06-24): [12–2:30 PM, 6:30–10:30 PM], Thursday(2026-06-25): [12–2:30 PM, 6:30–10:30 PM], Friday(2026-06-26): [12–2:30 PM, 6:30–10:30 PM], Saturday(2026-06-27): [12–2:30 PM, 6:30–10:30 PM], Sunday(2026-06-28): [10:30 AM–2:30 PM, 6:30–10:30 PM], Monday(2026-06-29): [12–2:30 PM, 6:30–10:30 PM], Tuesday(2026-06-30): [12–2:30 PM, 6:30–10:30 PM]",https://www.google.com/search?kgmid=/g/1tgyz2dp,/g/1tgyz2dp,https://www.google.com/maps?cid=94104083362974126,ChIJX6CxcipIzDERronDTCpTTgE,,,,,,,,Restaurants in Kuala Lumpur
"Dan Ji Dumpling (Noodles Restaurant @ Pudu, Kuala Lumpur) 丹記饺子 (吉隆坡, 富都面条餐厅) Restoran Dan Ji Dumpling","295, Jln Pudu, Pudu, 55200 Kuala Lumpur, Wilayah Persekutuan Kuala Lumpur, Malaysia","295, Jln Pudu",Pudu,Dumpling restaurant,"From the business: [Identifies as women-owned], Service options: [Outdoor seating, Delivery, Onsite services, Takeout, Dine-in], Popular for: [Breakfast, Lunch, Dinner, Solo dining], Accessibility: [No wheelchair accessible parking lot, No wheelchair accessible seating], Offerings: [Coffee, Quick bite, Small plates], Dining options: [Breakfast, Brunch, Lunch, Dinner, Counter service, Seating, Table service], Atmosphere: [Casual], Crowd: [Family-friendly], Planning: [Usually a wait, Doesn't accept reservations], Payments: [Credit cards, NFC mobile payments, ], Children: [Good for kids], Parking: [Free street parking, Paid parking lot, Paid street parking], Pets: [Dogs allowed outside]",+60 16-239 9961,"016-239 9961, +60 16-239 9961",YES,"Dan Ji Dumpling (Noodles Restaurant @ Pudu, Kuala Lumpur) 丹記饺子 (吉隆坡, 富都面条餐厅) Restoran Dan Ji Dumpling (Owner)",107360771092999858631,https://www.google.com/maps/contrib/107360771092999858631,672,4.2,https://search.google.com/local/reviews?placeid=ChIJf490TiE2zDERHVhpnQ5Teqo&authuser=0&hl=en&gl=US,12284222255842023453,0x31cc36214e748f7f:0xaa7a530e9d69581d,3.1361225,101.71180969999999,Asia/Kuala_Lumpur,,,"Wednesday(2026-06-24): [9 AM–9 PM], Thursday(2026-06-25): [9 AM–9 PM], Friday(2026-06-26): [9 AM–9 PM], Saturday(2026-06-27): [9 AM–9 PM], Sunday(2026-06-28): [9 AM–9 PM], Monday(2026-06-29): [Closed], Tuesday(2026-06-30): [9 AM–9 PM]",https://www.google.com/search?kgmid=/g/11g9q32xxv,/g/11g9q32xxv,https://www.google.com/maps?cid=12284222255842023453,ChIJf490TiE2zDERHVhpnQ5Teqo,,,,,,,,Restaurants in Kuala Lumpur
LUUMA DINING,"LEVEL 20, MENARA SENTRAL VISTA, 150, Jln Sultan Abdul Samad, Brickfields, 50470 Kuala Lumpur, Wilayah Persekutuan Kuala Lumpur, Malaysia","LEVEL 20, MENARA SENTRAL VISTA","150, Jln Sultan Abdul Samad",Restaurant,"Service options: [Outdoor seating, No-contact delivery, Delivery, Onsite services, Dine-in], Highlights: [Fireplace, Great cocktails, Great dessert, Great wine list, Live music, Rooftop seating, Good for watching sports], Popular for: [Dinner, Solo dining], Accessibility: [Wheelchair accessible restroom], Offerings: [Alcohol, Beer, Cocktails, Coffee, Halal food, Happy hour drinks, Happy hour food, Hard liquor, Late-night food, Small plates, Wine], Dining options: [Brunch, Dinner, Catering, Counter service, Dessert, Seating, Table service], Amenities: [Bar onsite, Restroom], Atmosphere: [Cozy, Trendy], Crowd: [Family-friendly, Good for groups], Planning: [Dinner reservations recommended, Accepts reservations], Payments: [Credit cards, Debit cards, NFC mobile payments], Children: [Good for kids, Kids' menu], Parking: [Paid parking lot, ]",+60 19-499 6770,"019-499 6770, +60 19-499 6770",YES,LUUMA DINING (Owner),111214199513277551239,https://www.google.com/maps/contrib/111214199513277551239,954,4.3,https://search.google.com/local/reviews?placeid=ChIJzwM9ADFJzDERBkjFBrZ__34&authuser=0&hl=en&gl=US,9151173387614504966,0x31cc4931003d03cf:0x7eff7fb606c54806,3.132622,101.6904096,Asia/Kuala_Lumpur,www.facebook.com/profile.php?id=100076429430382,facebook.com,"Wednesday(2026-06-24): [4 PM–12 AM], Thursday(2026-06-25): [4 PM–12 AM], Friday(2026-06-26): [4 PM–12 AM], Saturday(2026-06-27): [4 PM–12 AM], Sunday(2026-06-28): [4 PM–12 AM], Monday(2026-06-29): [4 PM–12 AM], Tuesday(2026-06-30): [4 PM–12 AM]",https://www.google.com/search?kgmid=/g/11t5179bjv,/g/11t5179bjv,https://www.google.com/maps?cid=9151173387614504966,ChIJzwM9ADFJzDERBkjFBrZ__34,,,,,,,,Restaurants in Kuala Lumpur
鮨 おり Sushi ORI ( Chef ORI ),"203, Jln Bukit Bintang, Bukit Bintang, 55100 Kuala Lumpur, Wilayah Persekutuan Kuala Lumpur, Malaysia","203, Jln Bukit Bintang",Bukit Bintang,Sushi restaurant,"Service options: [Onsite services, Takeout, Dine-in], Popular for: [Lunch, Dinner, Solo dining], Offerings: [Alcohol, Beer, Hard liquor, Private dining room, Wine], Dining options: [Lunch, Dinner, Counter service, Dessert, Table service], Amenities: [Bar onsite, Restroom], Atmosphere: [Cozy, Trendy, Upscale], Planning: [Lunch reservations recommended, Reservations required, Dinner reservations recommended, Accepts reservations], Payments: [Credit cards, Debit cards, NFC mobile payments, ], Parking: [Free parking lot, Free street parking, Paid parking lot, ]",+60 3-2110 0068,"03-2110 0068, +60 3-2110 0068",YES,鮨 おり Sushi ORI ( Chef ORI ) (Owner),109755739363055783043,https://www.google.com/maps/contrib/109755739363055783043,342,4.7,https://search.google.com/local/reviews?placeid=ChIJi2EvDOI3zDER7yppWKt1i-4&authuser=0&hl=en&gl=US,17188961781572774639,0x31cc37e20c2f618b:0xee8b75ab58692aef,3.1479041,101.7150583,Asia/Kuala_Lumpur,sushi-ori.com/,sushi-ori.com,"Wednesday(2026-06-24): [12–2:30 PM, 6–10 PM], Thursday(2026-06-25): [12–2:30 PM, 6–10 PM], Friday(2026-06-26): [12–2:30 PM, 6–10 PM], Saturday(2026-06-27): [12–2:30 PM, 6–10 PM], Sunday(2026-06-28): [6–10 PM], Monday(2026-06-29): [Closed], Tuesday(2026-06-30): [12–2:30 PM, 6–10 PM]",https://www.google.com/search?kgmid=/g/11h1yvkng5,/g/11h1yvkng5,https://www.google.com/maps?cid=17188961781572774639,ChIJi2EvDOI3zDER7yppWKt1i-4,,,,,,,,Restaurants in Kuala Lumpur
NJ Restaurant,"No 29 LOT 3, Jalan Thambipillaai, Off, Jalan Tun Sambanthan, Brickfields, 50470 Kuala Lumpur, Wilayah Persekutuan Kuala Lumpur, Malaysia","No 29 LOT 3, Jalan Thambipillaai","Off, Jalan Tun Sambanthan",Restaurant,"Service options: [Takeout, Dine-in], Popular for: [Breakfast, Lunch, Dinner, Solo dining], Offerings: [Coffee, Quick bite, Small plates], Dining options: [Breakfast, Brunch, Lunch, Dinner, Table service], Amenities: [Restroom], Atmosphere: [Casual], Crowd: [Good for groups], Children: [Good for kids]",+60 10-716 6212,"010-716 6212, +60 10-716 6212",NO,NJ Restaurant (Owner),,,26,4.8,https://search.google.com/local/reviews?placeid=ChIJ62VeRcFJzDERJNVDXA6styA&authuser=0&hl=en&gl=US,2357542107629212964,0x31cc49c1455e65eb:0x20b7ac0e5c43d524,3.1325821,101.6881449,Asia/Kuala_Lumpur,,,"Wednesday(2026-06-24): [7 AM–11 PM], Thursday(2026-06-25): [7 AM–11 PM], Friday(2026-06-26): [7 AM–11 PM], Saturday(2026-06-27): [7 AM–11 PM], Sunday(2026-06-28): [7 AM–11 PM], Monday(2026-06-29): [7 AM–11 PM], Tuesday(2026-06-30): [7 AM–11 PM]",https://www.google.com/search?kgmid=/g/11k47p3hwj,/g/11k47p3hwj,https://www.google.com/maps?cid=2357542107629212964,ChIJ62VeRcFJzDERJNVDXA6styA,,,,,,,,Restaurants in Kuala Lumpur
Botanica+Co at Alila Bangsar,"58, Jalan Ang Seng, Brickfields, 50470 Kuala Lumpur, Wilayah Persekutuan Kuala Lumpur, Malaysia","58, Jalan Ang Seng",Brickfields,Restaurant,"Service options: [No-contact delivery, Delivery, Drive-through, Takeout, Dine-in, Onsite services not available], Highlights: [Great cocktails, Great coffee, Great dessert, Great tea selection, Great wine list], Popular for: [Breakfast, Lunch, Dinner, Solo dining], Accessibility: [Wheelchair accessible entrance, Wheelchair accessible parking lot, Wheelchair accessible restroom, Wheelchair accessible seating,  Does not have assistive hearing loop], Offerings: [Alcohol, Beer, Cocktails, Coffee, Halal food, Happy hour drinks, Hard liquor, Healthy options, Quick bite, Small plates, Vegan options, Vegetarian options, Wine], Dining options: [Breakfast, Brunch, Lunch, Dinner, Catering, Dessert, Seating, Table service], Amenities: [Restroom, Wi-Fi, ], Atmosphere: [Casual, Cozy, Quiet, Trending, Trendy, Upscale], Crowd: [Family-friendly, Good for groups, Tourists], Planning: [Brunch reservations recommended, Lunch reservations recommended, Reservations required, Dinner reservations recommended, Accepts reservations], Payments: [Credit cards, Debit cards, NFC mobile payments, ], Children: [Good for kids, High chairs, Kids' menu], Parking: [Free street parking, Paid parking lot, Paid street parking, ]",+60 11-2600 8188,"011-2600 8188, +60 11-2600 8188",YES,Botanica+Co at Alila Bangsar (Owner),114053528345816999689,https://www.google.com/maps/contrib/114053528345816999689,1382,4.3,https://search.google.com/local/reviews?placeid=ChIJdRxNaJRJzDER13Oeqj4I_1U&authuser=0&hl=en&gl=US,6196680677528597463,0x31cc4994684d1c75:0x55ff083eaa9e73d7,3.1278170999999997,101.68021329999999,Asia/Kuala_Lumpur,www.botanica.com.my/,botanica.com.my,"Wednesday(2026-06-24): [11 AM–10 PM], Thursday(2026-06-25): [11 AM–10 PM], Friday(2026-06-26): [11 AM–10 PM], Saturday(2026-06-27): [11 AM–10 PM], Sunday(2026-06-28): [11 AM–10 PM], Monday(2026-06-29): [11 AM–10 PM], Tuesday(2026-06-30): [11 AM–10 PM]",https://www.google.com/search?kgmid=/g/11f3wllzmp,/g/11f3wllzmp,https://www.google.com/maps?cid=6196680677528597463,ChIJdRxNaJRJzDER13Oeqj4I_1U,,,,,,,,Restaurants in Kuala Lumpur
Emily's Steakhouse Kuala Lumpur,"10, Jalan Inai, Bukit Bintang, 55100 Kuala Lumpur, Wilayah Persekutuan Kuala Lumpur, Malaysia","10, Jalan Inai",Bukit Bintang,Steak house;British restaurant;Restaurant;Seafood restaurant,"Service options: [Outdoor seating, No-contact delivery, Delivery, Onsite services, Takeout, Dine-in], Highlights: [Fireplace, Great dessert, Great tea selection], Popular for: [Lunch, Dinner, Solo dining], Accessibility: [Wheelchair accessible entrance, Wheelchair accessible parking lot, Wheelchair accessible restroom, Wheelchair accessible seating], Offerings: [Coffee, Private dining room, Salad bar, Small plates, Vegetarian options], Dining options: [Lunch, Dinner, Dessert, Seating, Table service], Amenities: [Bar onsite, Restroom, Wi-Fi, ], Atmosphere: [Casual, Cozy, Romantic, Trendy], Crowd: [Family-friendly, Good for groups], Planning: [Dinner reservations recommended, Accepts reservations], Payments: [Credit cards, Debit cards, NFC mobile payments, ], Children: [Good for kids, Kids' menu], Parking: [Free parking lot, Free street parking, Paid parking lot, Paid street parking, ]",+60 13-210 6884,"013-210 6884, +60 13-210 6884",YES,Emily's Steakhouse Kuala Lumpur (Owner),100157206476890619205,https://www.google.com/maps/contrib/100157206476890619205,1100,4.4,https://search.google.com/local/reviews?placeid=ChIJq-RRkGtJzDER-IU-h7pKo1Y&authuser=0&hl=en&gl=US,6242915673459033592,0x31cc496b9051e4ab:0x56a34aba873e85f8,3.1465739,101.71710449999999,Asia/Kuala_Lumpur,linktr.ee/emilyssteakhouse,linktr.ee,"Wednesday(2026-06-24): [11 AM–3 PM, 5:30–11 PM], Thursday(2026-06-25): [11 AM–3 PM, 5:30–11 PM], Friday(2026-06-26): [11 AM–3 PM, 5:30–11 PM], Saturday(2026-06-27): [11 AM–3 PM, 5:30–11 PM], Sunday(2026-06-28): [11 AM–3 PM, 5:30–11 PM], Monday(2026-06-29): [11 AM–3 PM, 5:30–11 PM], Tuesday(2026-06-30): [11 AM–3 PM, 5:30–11 PM]",https://www.google.com/search?kgmid=/g/11hyx5cpjx,/g/11hyx5cpjx,https://www.google.com/maps?cid=6242915673459033592,ChIJq-RRkGtJzDER-IU-h7pKo1Y,,,,,,,,Restaurants in Kuala Lumpur
Congkak,"24, Jalan Beremi, Off, Jln Sultan Ismail, Bukit Bintang, 50200 Kuala Lumpur, Malaysia","24, Jalan Beremi","Off, Jln Sultan Ismail",Malaysian restaurant,"Service options: [Outdoor seating, No-contact delivery, Delivery, Onsite services, Takeout, Dine-in], Highlights: [Great dessert, Great tea selection], Popular for: [Lunch, Dinner, Solo dining], Accessibility: [Wheelchair accessible entrance, Wheelchair accessible seating], Offerings: [Alcohol, Coffee, Small plates, Vegan options, Vegetarian options], Dining options: [Lunch, Dinner, Catering, Dessert, Seating, Table service], Amenities: [Bar onsite, Restroom, Wi-Fi, ], Atmosphere: [Casual, Cozy, Trendy], Crowd: [Family-friendly, Good for groups, Tourists], Planning: [Accepts reservations], Payments: [Credit cards, Debit cards, NFC mobile payments, ], Children: [Good for kids], Parking: [Free street parking, Paid parking lot, Paid street parking]",+60 19-289 7008,"019-289 7008, +60 19-289 7008",YES,Congkak (Owner),115614583660998168426,https://www.google.com/maps/contrib/115614583660998168426,641,4.1,https://search.google.com/local/reviews?placeid=ChIJg3SVybo3zDERADqEe4aL-VA&authuser=0&hl=en&gl=US,5834848201949329920,0x31cc37bac9957483:0x50f98b867b843a00,3.1479814999999998,101.7102785,Asia/Kuala_Lumpur,www.facebook.com/congkakkl/,facebook.com,"Wednesday(2026-06-24): [12–10 PM], Thursday(2026-06-25): [12–10 PM], Friday(2026-06-26): [12–11 PM], Saturday(2026-06-27): [12–11 PM], Sunday(2026-06-28): [12–10 PM], Monday(2026-06-29): [12–10 PM], Tuesday(2026-06-30): [12–10 PM]",https://www.google.com/search?kgmid=/g/11h4zpyj27,/g/11h4zpyj27,https://www.google.com/maps?cid=5834848201949329920,ChIJg3SVybo3zDERADqEe4aL-VA,,,,,,,,Restaurants in Kuala Lumpur
Satellite Restaurant & Bar (Imperial Lexis KL),"Level 53, 15, Jalan Kia Peng, Kuala Lumpur, 50450 Kuala Lumpur, Wilayah Persekutuan Kuala Lumpur, Malaysia",Level 53,"15, Jalan Kia Peng",Bar,"Service options: [Takeout, Dine-in, No delivery], Highlights: [Great cocktails, Great wine list, Live performances, Rooftop seating], Popular for: [Solo dining], Accessibility: [Wheelchair accessible entrance, Wheelchair accessible restroom], Offerings: [Alcohol, Beer, Cocktails, Dancing, Food, Food at bar, Happy hour drinks, Happy hour food, Hard liquor, Wine], Dining options: [Seating, Table service], Amenities: [Restroom], Atmosphere: [Cozy, Trendy, Upscale], Crowd: [Good for groups, Tourists], Planning: [Accepts reservations], Payments: [Credit cards, Debit cards, NFC mobile payments], Parking: [On-site parking, Paid parking garage, Paid parking lot, , Valet parking]",+60 3-2177 1188,"03-2177 1188, +60 3-2177 1188",YES,Satellite Restaurant & Bar (Imperial Lexis KL) (Owner),116441507102106173508,https://www.google.com/maps/contrib/116441507102106173508,270,4.6,https://search.google.com/local/reviews?placeid=ChIJH2R_-gk3zDERzOVjhFGYi3s&authuser=0&hl=en&gl=US,8902376564308829644,0x31cc3709fa7f641f:0x7b8b98518463e5cc,3.1527893,101.7163621,Asia/Kuala_Lumpur,www.imperiallexiskl.com/dining/satellite-restaurant-bar,imperiallexiskl.com,"Wednesday(2026-06-24): [5 PM–12 AM], Thursday(2026-06-25): [5 PM–12 AM], Friday(2026-06-26): [5 PM–12 AM], Saturday(2026-06-27): [5 PM–12 AM], Sunday(2026-06-28): [5 PM–12 AM], Monday(2026-06-29): [5 PM–12 AM], Tuesday(2026-06-30): [5 PM–12 AM]",https://www.google.com/search?kgmid=/g/11l5rl_dyw,/g/11l5rl_dyw,https://www.google.com/maps?cid=8902376564308829644,ChIJH2R_-gk3zDERzOVjhFGYi3s,,,,,,,,Restaurants in Kuala Lumpur
JOLOKO,"43, Jalan Kamunting, Chow Kit, 50300 Kuala Lumpur, Wilayah Persekutuan Kuala Lumpur, Malaysia","43, Jalan Kamunting",Chow Kit,Caribbean restaurant;African restaurant;Bar;Bar & grill;Cocktail bar;Mexican restaurant;Restaurant;Steak house,"Service options: [Outdoor seating, Delivery, Onsite services, Takeout, Dine-in], Highlights: [Great beer selection, Great cocktails, Great wine list], Popular for: [Lunch, Dinner, Solo dining], Offerings: [Alcohol, Beer, Cocktails, Coffee, Happy hour drinks, Hard liquor, Late-night food, Organic dishes, Small plates, Vegan options, Vegetarian options, Wine], Dining options: [Brunch, Lunch, Dinner, Catering, Counter service, Dessert, Seating, Table service], Amenities: [Bar onsite, Restroom], Atmosphere: [Casual, Cozy, Romantic, Trendy, Upscale], Crowd: [Family-friendly, Good for groups, Tourists], Planning: [Dinner reservations recommended, Accepts reservations], Payments: [Credit cards, Debit cards, NFC mobile payments, ], Children: [Good for kids, High chairs], Parking: [Paid parking lot, Paid street parking], Pets: [Dogs allowed inside, Dogs allowed outside]",+60 11-6426 2645,"011-6426 2645, +60 11-6426 2645",YES,JOLOKO (Owner),105031899353346469631,https://www.google.com/maps/contrib/105031899353346469631,1155,4.2,https://search.google.com/local/reviews?placeid=ChIJqwrrHNxJzDERX2G-mtGZnaU&authuser=0&hl=en&gl=US,11933863713125065055,0x31cc49dc1ceb0aab:0xa59d99d19abe615f,3.1573012,101.7005308,Asia/Kuala_Lumpur,www.bar-joloko.com/,bar-joloko.com,"Wednesday(2026-06-24): [5 PM–12 AM], Thursday(2026-06-25): [5 PM–12 AM], Friday(2026-06-26): [5 PM–1 AM], Saturday(2026-06-27): [12 PM–1 AM], Sunday(2026-06-28): [12 PM–12 AM], Monday(2026-06-29): [5 PM–12 AM], Tuesday(2026-06-30): [9 AM–12 AM]",https://www.google.com/search?kgmid=/g/11f6np13mm,/g/11f6np13mm,https://www.google.com/maps?cid=11933863713125065055,ChIJqwrrHNxJzDERX2G-mtGZnaU,,,,,,,,Restaurants in Kuala Lumpur
Everest Kitchen,"3, Jalan Yap Ah Loy, City Centre, 50050 Kuala Lumpur, Wilayah Persekutuan Kuala Lumpur, Malaysia","3, Jalan Yap Ah Loy",Kuala Lumpur City Centre,Nepalese restaurant,"Service options: [Onsite services, Takeout, Dine-in], Popular for: [Lunch, Dinner, Solo dining], Offerings: [Coffee, Quick bite, Small plates], Dining options: [Lunch, Dinner, Table service], Amenities: [Restroom], Atmosphere: [Casual], Crowd: [Good for groups], Payments: [Credit cards, Debit cards, NFC mobile payments], Children: [Good for kids]",+60 11-3308 6349,"011-3308 6349, +60 11-3308 6349",YES,Everest Kitchen (Owner),111910075000223161028,https://www.google.com/maps/contrib/111910075000223161028,52,4.6,https://search.google.com/local/reviews?placeid=ChIJuSeoEtJJzDERdPHySz1DO5A&authuser=0&hl=en&gl=US,10392974495633830260,0x31cc49d212a827b9:0x903b433d4bf2f174,3.1467308,101.6967078,Asia/Kuala_Lumpur,,,"Wednesday(2026-06-24): [8 AM–5 PM], Thursday(2026-06-25): [8 AM–7 PM], Friday(2026-06-26): [8 AM–7 PM], Saturday(2026-06-27): [8 AM–7 PM], Sunday(2026-06-28): [8 AM–7 PM], Monday(2026-06-29): [8 AM–7 PM], Tuesday(2026-06-30): [8 AM–7 PM]",https://www.google.com/search?kgmid=/g/11f4qy1dh3,/g/11f4qy1dh3,https://www.google.com/maps?cid=10392974495633830260,ChIJuSeoEtJJzDERdPHySz1DO5A,,,,,,,,Restaurants in Kuala Lumpur
Kyomo,"26, Jalan 24/70a, Desa Sri Hartamas, 50480 Kuala Lumpur, Wilayah Persekutuan Kuala Lumpur, Malaysia","26, Jalan 24/70a",Desa Sri Hartamas,Yakiniku restaurant;Barbecue restaurant;Japanese restaurant,"Service options: [Onsite services, Takeout, Dine-in], Popular for: [Lunch, Dinner, Solo dining], Offerings: [Alcohol, Beer, Cocktails, Hard liquor, Late-night food, Private dining room, Small plates, Wine], Dining options: [Lunch, Dinner, Counter service, Dessert, Seating, Table service], Amenities: [Restroom], Atmosphere: [Casual, Cozy, Trendy, Upscale], Crowd: [Family-friendly, Good for groups, Tourists], Planning: [Lunch reservations recommended, Reservations required, Dinner reservations recommended, Accepts reservations, Usually a wait], Payments: [Credit cards, Debit cards, NFC mobile payments, ], Children: [Good for kids, Kids' menu], Parking: [Free parking lot, Paid parking lot, Paid street parking, , Valet parking]",+60 3-2856 7350,"03-2856 7350, +60 3-2856 7350",YES,Kyomo (Owner),117481367173039344143,https://www.google.com/maps/contrib/117481367173039344143,1462,4.5,https://search.google.com/local/reviews?placeid=ChIJFVEiF_BIzDEROJINDbdudtE&authuser=0&hl=en&gl=US,15093372933655859768,0x31cc48f017225115:0xd1766eb70d0d9238,3.1628,101.65077,Asia/Kuala_Lumpur,kyomomy.com/,kyomomy.com,"Wednesday(2026-06-24): [5–11 PM], Thursday(2026-06-25): [5–11 PM], Friday(2026-06-26): [5–11 PM], Saturday(2026-06-27): [12–11 PM], Sunday(2026-06-28): [12–11 PM], Monday(2026-06-29): [5–11 PM], Tuesday(2026-06-30): [5–11 PM]",https://www.google.com/search?kgmid=/g/11fx99mv49,/g/11fx99mv49,https://www.google.com/maps?cid=15093372933655859768,ChIJFVEiF_BIzDEROJINDbdudtE,,,,,,,,Restaurants in Kuala Lumpur
Aung Nan Daw Restaurant,"F5, 1st Fl, Pudu St, Kuala Lumpur City Centre, 50050 Kuala Lumpur, Federal Territory of Kuala Lumpur, Malaysia","F5, 1st Fl",Pudu St,Burmese restaurant,"Service options: [Onsite services, Takeout, Dine-in], Highlights: [Great tea selection], Popular for: [Breakfast, Lunch, Dinner, Solo dining], Offerings: [Coffee, Small plates], Dining options: [Breakfast, Lunch, Dinner, Dessert, Table service], Amenities: [Restroom], Atmosphere: [Casual, Trendy], Crowd: [Good for groups], Planning: [Accepts reservations], Children: [Good for kids]",+60 3-2022 1667,"03-2022 1667, +60 3-2022 1667",NO,Aung Nan Daw Restaurant (Owner),,,87,4.4,https://search.google.com/local/reviews?placeid=ChIJKVrajtFJzDERx8XznUWryLc&authuser=0&hl=en&gl=US,13243023019774035399,0x31cc49d18eda5a29:0xb7c8ab459df3c5c7,3.1462942999999997,101.69699779999999,Asia/Kuala_Lumpur,,,"Wednesday(2026-06-24): [7 AM–8 PM], Thursday(2026-06-25): [7 AM–8 PM], Friday(2026-06-26): [7 AM–8 PM], Saturday(2026-06-27): [7 AM–8 PM], Sunday(2026-06-28): [7 AM–8 PM], Monday(2026-06-29): [7 AM–8 PM], Tuesday(2026-06-30): [7 AM–8 PM]",https://www.google.com/search?kgmid=/g/11bzv4725j,/g/11bzv4725j,https://www.google.com/maps?cid=13243023019774035399,ChIJKVrajtFJzDERx8XznUWryLc,,,,,,,,Restaurants in Kuala Lumpur
AP Biryani's And Thali Restaurant,"72, Jalan Berhala, Brickfields, 50470 Kuala Lumpur, Wilayah Persekutuan Kuala Lumpur, Malaysia","72, Jalan Berhala",Brickfields,Indian restaurant,"Service options: [No-contact delivery, Delivery, Drive-through, Takeout, Dine-in], Popular for: [Lunch, Dinner, Solo dining], Offerings: [Quick bite, Small plates], Dining options: [Lunch, Dinner, Table service], Atmosphere: [Casual], Crowd: [Good for groups], Payments: [Debit cards, NFC mobile payments], Children: [Good for kids]",+60 18-385 6369,"018-385 6369, +60 18-385 6369",YES,AP Biryani's And Thali Restaurant (Owner),116220299074039919071,https://www.google.com/maps/contrib/116220299074039919071,44,4.8,https://search.google.com/local/reviews?placeid=ChIJkfLxDwBJzDERS1qeX9Q6XCw&authuser=0&hl=en&gl=US,3196494519337900619,0x31cc49000ff1f291:0x2c5c3ad45f9e5a4b,3.1286139,101.68821369999999,Asia/Kuala_Lumpur,,,"Wednesday(2026-06-24): [7 AM–10:30 PM], Thursday(2026-06-25): [7 AM–10:30 PM], Friday(2026-06-26): [7 AM–10:30 PM], Saturday(2026-06-27): [7 AM–10:30 PM], Sunday(2026-06-28): [7 AM–10:30 PM], Monday(2026-06-29): [7 AM–10:30 PM], Tuesday(2026-06-30): [7 AM–10:30 PM]",https://www.google.com/search?kgmid=/g/11md90sm8q,/g/11md90sm8q,https://www.google.com/maps?cid=3196494519337900619,ChIJkfLxDwBJzDERS1qeX9Q6XCw,,,,,,,,Restaurants in Kuala Lumpur
Hornbill Restaurant & Cafe,"Perdana Botanical Garden, 920, Jalan Cenderawasih, Perdana Botanical Gardens, 50480 Kuala Lumpur, Federal Territory of Kuala Lumpur, Malaysia",Perdana Botanical Garden,"920, Jalan Cenderawasih",Restaurant,"Service options: [Outdoor seating, No-contact delivery, Delivery, Onsite services, Takeout, Dine-in], Highlights: [Great coffee, Great dessert, Great tea selection], Popular for: [Breakfast, Lunch, Dinner, Solo dining], Accessibility: [Wheelchair accessible restroom], Offerings: [Alcohol, Beer, Coffee, Halal food, Quick bite, Small plates, Vegetarian options], Dining options: [Breakfast, Brunch, Lunch, Dinner, Dessert, Seating, Table service], Amenities: [Restroom], Atmosphere: [Casual, Cozy, Trendy], Crowd: [Good for groups, Tourists], Planning: [Accepts reservations], Payments: [Credit cards, Debit cards, NFC mobile payments, ], Children: [Good for kids], Parking: [Free parking lot, Free street parking, Paid parking lot, ]",+60 3-2693 8086,"03-2693 8086, +60 3-2693 8086",NO,Hornbill Restaurant & Cafe (Owner),,,1452,4.2,https://search.google.com/local/reviews?placeid=ChIJ87zcwshJzDERRRGv2961Qt8&authuser=0&hl=en&gl=US,16087620787693883717,0x31cc49c8c2dcbcf3:0xdf42b5dedbaf1145,3.1435565,101.6888031,Asia/Kuala_Lumpur,,,"Wednesday(2026-06-24): [9 AM–6 PM], Thursday(2026-06-25): [9 AM–6 PM], Friday(2026-06-26): [9 AM–6 PM], Saturday(2026-06-27): [9 AM–6 PM], Sunday(2026-06-28): [9 AM–6 PM], Monday(2026-06-29): [9 AM–6 PM], Tuesday(2026-06-30): [9 AM–6 PM]",https://www.google.com/search?kgmid=/g/1tjhv4t9,/g/1tjhv4t9,https://www.google.com/maps?cid=16087620787693883717,ChIJ87zcwshJzDERRRGv2961Qt8,,,,,,,,Restaurants in Kuala Lumpur
Sky51,"EQ, Equatorial Plaza, Jln Sultan Ismail, Kuala Lumpur, 50250 Kuala Lumpur, Wilayah Persekutuan, Malaysia","EQ, Equatorial Plaza",Jln Sultan Ismail,Bar,"Service options: [Outdoor seating, Onsite services, Dine-in, No delivery, No takeout], Highlights: [Great beer selection, Great cocktails, Great wine list, Live music, Live performances, Rooftop seating], Popular for: [Solo dining], Accessibility: [Wheelchair accessible entrance, Wheelchair accessible parking lot, Wheelchair accessible restroom, Wheelchair accessible seating], Offerings: [Alcohol, Beer, Cocktails, Dancing, Food, Food at bar, Hard liquor, Private dining room, Wine], Dining options: [Seating, Table service], Amenities: [Restroom], Atmosphere: [Cozy, Quiet, Romantic, Trendy, Upscale], Crowd: [Good for groups, Tourists], Planning: [Accepts reservations], Payments: [Credit cards, Debit cards, NFC mobile payments, ], Parking: [Paid parking lot, ]",+60 3-2789 7777,"03-2789 7777, +60 3-2789 7777",YES,Sky51 (Owner),113636655626639701673,https://www.google.com/maps/contrib/113636655626639701673,1848,4.5,https://search.google.com/local/reviews?placeid=ChIJIZ4x2cg3zDEREXUaTecv4oQ&authuser=0&hl=en&gl=US,9575268428220626193,0x31cc37c8d9319e21:0x84e22fe74d1a7511,3.1528644999999997,101.70970919999999,Asia/Kuala_Lumpur,www.eqkualalumpur.equatorial.com/dining/sky51/?utm_source=local&utm_medium=organic&utm_campaign=GoogleMyBusiness&utm_content=Sky51+GMB,eqkualalumpur.equatorial.com,"Wednesday(2026-06-24): [5 PM–1 AM], Thursday(2026-06-25): [5 PM–1 AM], Friday(2026-06-26): [5 PM–1 AM], Saturday(2026-06-27): [5 PM–1 AM], Sunday(2026-06-28): [5 PM–1 AM], Monday(2026-06-29): [5 PM–1 AM], Tuesday(2026-06-30): [5 PM–1 AM]",https://www.google.com/search?kgmid=/g/11fp7vrlmt,/g/11fp7vrlmt,https://www.google.com/maps?cid=9575268428220626193,ChIJIZ4x2cg3zDEREXUaTecv4oQ,,,,,,,,Restaurants in Kuala Lumpur
W Cafe Menara Shell - KL Sentral,"Level 5, Menara Shell, 211, Jalan Tun Sambanthan, Kuala Lumpur Sentral, 50470 Kuala Lumpur, Federal Territory of Kuala Lumpur, Malaysia","Level 5, Menara Shell","211, Jalan Tun Sambanthan",Cafe;Bakery;Coffee shop;Japanese restaurant,"Service options: [No-contact delivery, Delivery, Onsite services, Takeout, Dine-in], Highlights: [Great coffee, Great dessert, Great tea selection], Popular for: [Breakfast, Lunch, Solo dining, Good for working on laptop], Accessibility: [Wheelchair accessible entrance, Wheelchair accessible parking lot], Offerings: [Coffee, Healthy options, Quick bite, Small plates], Dining options: [Breakfast, Brunch, Lunch, Dessert], Atmosphere: [Casual, Trendy], Crowd: [Good for groups], Payments: [Credit cards, Debit cards, NFC mobile payments], Children: [Good for kids], Parking: [Paid parking lot, ]",+60 11-1130 8981,"011-1130 8981, +60 11-1130 8981",YES,W Cafe Menara Shell - KL Sentral (Owner),113448375738532762246,https://www.google.com/maps/contrib/113448375738532762246,326,4.9,https://search.google.com/local/reviews?placeid=ChIJ6Zj333VJzDERvt1FnJx0D5A&authuser=0&hl=en&gl=US,10380643882097827262,0x31cc4975dff798e9:0x900f749c9c45ddbe,3.1308376,101.6845925,Asia/Kuala_Lumpur,www.wcafe.my/,wcafe.my,"Wednesday(2026-06-24): [7:30 AM–6 PM], Thursday(2026-06-25): [7:30 AM–6 PM], Friday(2026-06-26): [7:30 AM–6 PM], Saturday(2026-06-27): [Closed], Sunday(2026-06-28): [Closed], Monday(2026-06-29): [7:30 AM–6 PM], Tuesday(2026-06-30): [7:30 AM–6 PM]",https://www.google.com/search?kgmid=/g/11hygn594p,/g/11hygn594p,https://www.google.com/maps?cid=10380643882097827262,ChIJ6Zj333VJzDERvt1FnJx0D5A,,,,,,,,Restaurants in Kuala Lumpur
Dewakan Restaurant,"Platinum Park, Level 48, Skyviews, Naza Tower @, Persiaran KLCC, Kuala Lumpur City Centre, 50088 Kuala Lumpur, Federal Territory of Kuala Lumpur, Malaysia",Platinum Park,"Level 48, Skyviews, Naza Tower @",Fine dining restaurant,"Service options: [Onsite services, Dine-in], Highlights: [Great dessert, Great wine list], Popular for: [Lunch, Dinner], Accessibility: [Wheelchair accessible entrance, Wheelchair accessible parking lot, Wheelchair accessible restroom, Wheelchair accessible seating], Offerings: [Alcohol, Beer, Cocktails, Coffee, Hard liquor, Vegetarian options, Wine], Dining options: [Lunch, Dinner, Dessert, Table service], Amenities: [Restroom], Atmosphere: [Cozy, Romantic, Trendy, Upscale], Crowd: [Good for groups], Planning: [Lunch reservations recommended, Reservations required, Dinner reservations recommended, Accepts reservations], Payments: [Credit cards, Debit cards, NFC mobile payments], Parking: [Paid parking lot, ]",+60 12-789 6720,"012-789 6720, +60 12-789 6720",YES,Dewakan Restaurant (Owner),114822497314738939059,https://www.google.com/maps/contrib/114822497314738939059,532,4.2,https://search.google.com/local/reviews?placeid=ChIJD5ydgbdNzDERVeakzTjfpk8&authuser=0&hl=en&gl=US,5739520210191574613,0x31cc4db7819d9c0f:0x4fa6df38cda4e655,3.1546765999999997,101.718419,Asia/Kuala_Lumpur,www.dewakan.my/,dewakan.my,"Wednesday(2026-06-24): [6–11:30 PM], Thursday(2026-06-25): [6–11:30 PM], Friday(2026-06-26): [6–11:30 PM], Saturday(2026-06-27): [6–11:30 PM], Sunday(2026-06-28): [Closed], Monday(2026-06-29): [6–11:30 PM], Tuesday(2026-06-30): [6–11:30 PM]",https://www.google.com/search?kgmid=/g/11ckqsbtf9,/g/11ckqsbtf9,https://www.google.com/maps?cid=5739520210191574613,ChIJD5ydgbdNzDERVeakzTjfpk8,,,,,,,,Restaurants in Kuala Lumpur
Shwe Zin Restaurant Kuala Lumpur,"No.17-19 TKT2, Jalan Tun Tan Siew Sin, City Centre, 50050 Kuala Lumpur, Wilayah Persekutuan Kuala Lumpur, Malaysia",No.17-19 TKT2,Jalan Tun Tan Siew Sin,Burmese restaurant,"Service options: [No-contact delivery, Delivery, Drive-through, Takeout, Dine-in], Popular for: [Solo dining], Offerings: [Small plates], Dining options: [Breakfast, Lunch], Amenities: [Restroom], Atmosphere: [Casual], Crowd: [Good for groups], Children: [Good for kids]",+60 17-326 7864,"017-326 7864, +60 17-326 7864",YES,Shwe Zin Restaurant Kuala Lumpur (Owner),115904911733429974526,https://www.google.com/maps/contrib/115904911733429974526,2,5,https://search.google.com/local/reviews?placeid=ChIJKbiMOs9JzDERE049xOXnZbA&authuser=0&hl=en&gl=US,12710820497348972051,0x31cc49cf3a8cb829:0xb065e7e5c43d4e13,3.1467331,101.69758739999999,Asia/Kuala_Lumpur,,,"Wednesday(2026-06-24): [8 AM–7 PM], Thursday(2026-06-25): [8 AM–7 PM], Friday(2026-06-26): [8 AM–7 PM], Saturday(2026-06-27): [8 AM–7 PM], Sunday(2026-06-28): [8 AM–7 PM], Monday(2026-06-29): [8 AM–7 PM], Tuesday(2026-06-30): [8 AM–7 PM]",https://www.google.com/search?kgmid=/g/11tk8p3_5j,/g/11tk8p3_5j,https://www.google.com/maps?cid=12710820497348972051,ChIJKbiMOs9JzDERE049xOXnZbA,,,,,,,,Restaurants in Kuala Lumpur
1212 Restaurant | BBQ Restaurant | Indian Restaurant in KL,"84, Jalan Raja Chulan, Ground floor annex, 50200 Kuala Lumpur, Wilayah Persekutuan Kuala Lumpur, Malaysia","84, Jalan Raja Chulan, Ground floor annex",50200 Kuala Lumpur,Restaurant,"Service options: [Outdoor seating, Takeout, Dine-in], Highlights: [Great dessert, Great tea selection], Popular for: [Lunch, Dinner, Solo dining], Accessibility: [Wheelchair accessible seating], Offerings: [Alcohol, All you can eat, Beer, Cocktails, Coffee, Halal food, Small plates, Vegetarian options, Wine], Dining options: [Brunch, Lunch, Dinner, Dessert, Seating, Table service], Amenities: [Restroom], Atmosphere: [Casual], Crowd: [Good for groups], Planning: [Accepts reservations], Payments: [Credit cards, Debit cards, NFC mobile payments, ], Children: [Good for kids], Parking: [Free parking lot, Paid parking lot, ]",+60 10-430 5797,"010-430 5797, +60 10-430 5797",YES,1212 Restaurant | BBQ Restaurant | Indian Restaurant in KL (Owner),106944064047248435155,https://www.google.com/maps/contrib/106944064047248435155,258,4.2,https://search.google.com/local/reviews?placeid=ChIJna6noPM3zDER5Zfi53WKn4k&authuser=0&hl=en&gl=US,9916797143499315173,0x31cc37f3a0a7ae9d:0x899f8a75e7e297e5,3.1512686999999997,101.70882759999999,Asia/Kuala_Lumpur,www.1212restaurant.com/,1212restaurant.com,"Wednesday(2026-06-24): [11:30 AM–10:30 PM], Thursday(2026-06-25): [11:30 AM–10:30 PM], Friday(2026-06-26): [11:30 AM–10:30 PM], Saturday(2026-06-27): [11:30 AM–10:30 PM], Sunday(2026-06-28): [11:30 AM–10:30 PM], Monday(2026-06-29): [11:30 AM–10:30 PM], Tuesday(2026-06-30): [11:30 AM–10:30 PM]",https://www.google.com/search?kgmid=/g/11s0wft4pv,/g/11s0wft4pv,https://www.google.com/maps?cid=9916797143499315173,ChIJna6noPM3zDER5Zfi53WKn4k,,,,,,,,Restaurants in Kuala Lumpur
Anak Baba @ Brickfields,"159, Jln Sultan Abdul Samad, Brickfields, 50470 Kuala Lumpur, Wilayah Persekutuan Kuala Lumpur, Malaysia","159, Jln Sultan Abdul Samad",Brickfields,Southeast Asian restaurant;Espresso bar;Event venue,"Service options: [Outdoor seating, Delivery, Onsite services, Takeout, Dine-in], Popular for: [Lunch, Dinner, Solo dining], Offerings: [Coffee, Quick bite, Small plates, Vegetarian options], Dining options: [Breakfast, Brunch, Lunch, Dinner, Counter service, Dessert, Seating, Table service], Amenities: [Restroom], Atmosphere: [Casual, Cozy, Trendy], Crowd: [Good for groups, Tourists], Planning: [Accepts reservations], Payments: [Credit cards, Debit cards, NFC mobile payments, ], Children: [Good for kids], Parking: [Free parking lot, Free street parking, Paid parking lot, Paid street parking, ]",+60 3-2276 2815,"03-2276 2815, +60 3-2276 2815",YES,Anak Baba @ Brickfields (Owner),117246849779365799552,https://www.google.com/maps/contrib/117246849779365799552,821,4,https://search.google.com/local/reviews?placeid=ChIJT9pYGcJJzDERkO9nXwauEPw&authuser=0&hl=en&gl=US,18163208639578894224,0x31cc49c21958da4f:0xfc10ae065f67ef90,3.1328396,101.6902425,Asia/Kuala_Lumpur,www.facebook.com/anakbababrickfields/,facebook.com,"Wednesday(2026-06-24): [7 AM–10 PM], Thursday(2026-06-25): [7 AM–10 PM], Friday(2026-06-26): [7 AM–10 PM], Saturday(2026-06-27): [7 AM–10 PM], Sunday(2026-06-28): [7 AM–10 PM], Monday(2026-06-29): [7 AM–10 PM], Tuesday(2026-06-30): [7 AM–10 PM]",https://www.google.com/search?kgmid=/g/11f3x59bgm,/g/11f3x59bgm,https://www.google.com/maps?cid=18163208639578894224,ChIJT9pYGcJJzDERkO9nXwauEPw,,,,,,,,Restaurants in Kuala Lumpur
Cilantro Restaurant & Wine Bar,"Micasa All Suite Hotel, 368B, Micasa All Suite Hotel, Jln Tun Razak, 50400 Kuala Lumpur, Federal Territory of Kuala Lumpur, Malaysia",Micasa All Suite Hotel,"368B, Micasa All Suite Hotel",Restaurant,"Service options: [Dine-in, No takeout], Highlights: [Great cocktails, Great coffee, Great dessert, Great wine list], Popular for: [Lunch, Dinner, Solo dining], Accessibility: [Wheelchair accessible parking lot], Offerings: [Alcohol, Cocktails, Coffee, Hard liquor, Private dining room, Wine], Dining options: [Lunch, Dinner, Dessert, Table service], Amenities: [Bar onsite, Restroom], Atmosphere: [Cozy, Romantic, Trendy], Crowd: [Good for groups], Planning: [Dinner reservations recommended, Accepts reservations], Payments: [Credit cards, Debit cards, NFC mobile payments, ]",+60 3-2179 8082,"03-2179 8082, +60 3-2179 8082",YES,Cilantro Restaurant & Wine Bar (Owner),112760786187681987199,https://www.google.com/maps/contrib/112760786187681987199,54,4.2,https://search.google.com/local/reviews?placeid=ChIJAQBwkc43zDER0_QEBU8lUy4&authuser=0&hl=en&gl=US,3338052770128524499,0x31cc37ce91700001:0x2e53254f0504f4d3,3.1569108999999997,101.7229837,Asia/Kuala_Lumpur,www.cilantrokl.com/,cilantrokl.com,"Wednesday(2026-06-24): [6–10:30 PM], Thursday(2026-06-25): [6–10:30 PM], Friday(2026-06-26): [12–2:30 PM, 6–10:30 PM], Saturday(2026-06-27): [6–10:30 PM], Sunday(2026-06-28): [Closed], Monday(2026-06-29): [6–10:30 PM], Tuesday(2026-06-30): [6–10:30 PM]",https://www.google.com/search?kgmid=/g/11r9509gd,/g/11r9509gd,https://www.google.com/maps?cid=3338052770128524499,ChIJAQBwkc43zDER0_QEBU8lUy4,,,,,,,,Restaurants in Kuala Lumpur
Chinta Restaurant,"24, Jalan Kemuja, Bangsar, 59000 Kuala Lumpur, Wilayah Persekutuan Kuala Lumpur, Malaysia","24, Jalan Kemuja",Bangsar,Restaurant,"Service options: [Outdoor seating, Takeout, Dine-in], Highlights: [Great dessert], Popular for: [Lunch, Dinner, Solo dining], Offerings: [Coffee, Small plates], Dining options: [Brunch, Lunch, Dinner, Catering, Dessert, Seating, Table service], Amenities: [Restroom], Atmosphere: [Casual, Cozy, Trendy], Crowd: [Good for groups], Planning: [Dinner reservations recommended, Accepts reservations], Payments: [Credit cards, Debit cards, NFC mobile payments, ], Children: [Good for kids], Parking: [Free street parking, ]",+60 3-2201 3756,"03-2201 3756, +60 3-2201 3756",YES,Chinta Restaurant (Owner),109163790336495782574,https://www.google.com/maps/contrib/109163790336495782574,158,4.6,https://search.google.com/local/reviews?placeid=ChIJRRotYMdJzDER5MYRDS0-uNo&authuser=0&hl=en&gl=US,15760415259196770020,0x31cc49c7602d1a45:0xdab83e2d0d11c6e4,3.1292826999999996,101.67950739999999,Asia/Kuala_Lumpur,,,"Wednesday(2026-06-24): [12–9:30 PM], Thursday(2026-06-25): [11:30 AM–9:30 PM], Friday(2026-06-26): [11:30 AM–9:30 PM], Saturday(2026-06-27): [11:30 AM–9:30 PM], Sunday(2026-06-28): [11:30 AM–9:30 PM], Monday(2026-06-29): [11:30 AM–9:30 PM], Tuesday(2026-06-30): [11:30 AM–9:30 PM]",https://www.google.com/search?kgmid=/g/11kqs8538g,/g/11kqs8538g,https://www.google.com/maps?cid=15760415259196770020,ChIJRRotYMdJzDER5MYRDS0-uNo,,,,,,,,Restaurants in Kuala Lumpur
Restaurant Alo Chaya,"1-11, Jalan Angsoka, Bukit Bintang, 50200 Kuala Lumpur, Wilayah Persekutuan Kuala Lumpur, Malaysia","1-11, Jalan Angsoka",Bukit Bintang,Bangladeshi restaurant,"Service options: [Delivery, Onsite services, Takeout, Dine-in], Highlights: [Great coffee, Great dessert, Great tea selection], Popular for: [Breakfast, Lunch, Dinner, Solo dining], Accessibility: [Wheelchair accessible restroom, Wheelchair accessible seating], Offerings: [Coffee, Late-night food, Private dining room, Quick bite, Small plates], Dining options: [Breakfast, Brunch, Lunch, Dinner, Catering, Dessert, Seating, Table service], Amenities: [Restroom], Atmosphere: [Casual, Cozy, Quiet, Trendy], Crowd: [College students, Good for groups, Tourists], Planning: [Brunch reservations recommended, Lunch reservations recommended, Dinner reservations recommended, Accepts reservations], Payments: [Credit cards, Debit cards, NFC mobile payments, ], Children: [Good for kids, Good for kids birthday, High chairs, Kids' menu], Parking: [Free parking lot, Free street parking, ]",+60 3-2110 0464,"03-2110 0464, +60 3-2110 0464",YES,Restaurant Alo Chaya (Owner),103981814890326399229,https://www.google.com/maps/contrib/103981814890326399229,709,4.1,https://search.google.com/local/reviews?placeid=ChIJbyRZTgc3zDERGTLhACSwW90&authuser=0&hl=en&gl=US,15950536173942813209,0x31cc37074e59246f:0xdd5bb02400e13219,3.148221,101.7091188,Asia/Kuala_Lumpur,restaurantalochaya.shop/,restaurantalochaya.shop,"Wednesday(2026-06-24): [Open 24 hours], Thursday(2026-06-25): [Open 24 hours], Friday(2026-06-26): [Open 24 hours], Saturday(2026-06-27): [Open 24 hours], Sunday(2026-06-28): [Open 24 hours], Monday(2026-06-29): [Open 24 hours], Tuesday(2026-06-30): [Open 24 hours]",https://www.google.com/search?kgmid=/g/11fk3c8qg0,/g/11fk3c8qg0,https://www.google.com/maps?cid=15950536173942813209,ChIJbyRZTgc3zDERGTLhACSwW90,,,,,,,,Restaurants in Kuala Lumpur
The Lankan Crabs,"4, Jalan Kemuja, Bangsar, 59000 Kuala Lumpur, Wilayah Persekutuan Kuala Lumpur, Malaysia","4, Jalan Kemuja",Bangsar,Sri Lankan restaurant;Bar;Crab house;Function room facility;Indian restaurant;Lunch restaurant;Delivery Restaurant;Seafood restaurant,"Service options: [Outdoor seating, No-contact delivery, Delivery, Onsite services, Takeout, Dine-in], Popular for: [Lunch, Dinner, Solo dining], Accessibility: [Wheelchair accessible entrance, Wheelchair accessible seating], Offerings: [Alcohol, Beer, Cocktails, Coffee, Small plates, Vegetarian options, Wine], Dining options: [Brunch, Lunch, Dinner, Catering, Dessert, Seating, Table service], Amenities: [Restroom, Wi-Fi, ], Atmosphere: [Casual, Trendy], Crowd: [Family-friendly, Good for groups, Tourists], Planning: [Lunch reservations recommended, Reservations required, Accepts reservations], Payments: [Credit cards, Debit cards, NFC mobile payments, ], Children: [Good for kids, High chairs], Parking: [Free street parking, Paid parking lot, Paid street parking]",+60 12-579 4435,"012-579 4435, +60 12-579 4435",YES,The Lankan Crabs (Owner),112375416885876905569,https://www.google.com/maps/contrib/112375416885876905569,1354,4.6,https://search.google.com/local/reviews?placeid=ChIJZSifWsBJzDERWFa-YCCZRMA&authuser=0&hl=en&gl=US,13854366718039578200,0x31cc49c05a9f2865:0xc044992060be5658,3.129702,101.6798692,Asia/Kuala_Lumpur,thelankancrabs.menu/,thelankancrabs.menu,"Wednesday(2026-06-24): [11 AM–3 PM, 5–10 PM], Thursday(2026-06-25): [11 AM–3 PM, 5–10 PM], Friday(2026-06-26): [11 AM–11 PM], Saturday(2026-06-27): [11 AM–11 PM], Sunday(2026-06-28): [11 AM–11 PM], Monday(2026-06-29): [11 AM–3 PM, 5–10 PM], Tuesday(2026-06-30): [11 AM–3 PM, 5–10 PM]",https://www.google.com/search?kgmid=/g/11frhkkdtf,/g/11frhkkdtf,https://www.google.com/maps?cid=13854366718039578200,ChIJZSifWsBJzDERWFa-YCCZRMA,,,,,,,,Restaurants in Kuala Lumpur
Sou Omakase Dining - The Gardens Mall Mid Valley,"G247, Ground Floor, The Gardens Mall, Lingkaran Syed Putra, Mid Valley City, 58000, Kuala Lumpur, Wilayah Persekutuan, 58000 Kuala Lumpur, Malaysia","G247, Ground Floor, The Gardens Mall, Lingkaran Syed Putra, Mid Valley City, 58000, Kuala Lumpur, Wilayah Persekutuan",58000 Kuala Lumpur,Japanese restaurant,"Service options: [Onsite services, Takeout, Dine-in], Highlights: [Great dessert, Great wine list], Popular for: [Lunch, Dinner, Solo dining], Accessibility: [Wheelchair accessible entrance, Wheelchair accessible parking lot, Wheelchair accessible seating], Offerings: [Alcohol, Beer, Hard liquor, Wine], Dining options: [Lunch, Dinner, Dessert, Table service], Amenities: [Bar onsite, Restroom], Atmosphere: [Cozy, Romantic, Trendy, Upscale], Crowd: [Good for groups], Planning: [Dinner reservations recommended, Accepts reservations], Payments: [Credit cards, Debit cards, NFC mobile payments, ], Parking: [Paid parking lot, ]",+60 3-2202 1133,"03-2202 1133, +60 3-2202 1133",YES,Sou Omakase Dining - The Gardens Mall Mid Valley (Owner),109237950311803467456,https://www.google.com/maps/contrib/109237950311803467456,747,4.6,https://search.google.com/local/reviews?placeid=ChIJ15s54Y5JzDERvdI4Hf24gwg&authuser=0&hl=en&gl=US,613537371509019325,0x31cc498ee1399bd7:0x883b8fd1d38d2bd,3.1183913999999997,101.6753035,Asia/Kuala_Lumpur,www.sou.com.my/,sou.com.my,"Wednesday(2026-06-24): [11:30 AM–3 PM, 6–10 PM], Thursday(2026-06-25): [11:30 AM–3 PM, 6–10 PM], Friday(2026-06-26): [11:30 AM–3 PM, 6–10 PM], Saturday(2026-06-27): [11:30 AM–3 PM, 6–10 PM], Sunday(2026-06-28): [11:30 AM–3 PM, 6–10 PM], Monday(2026-06-29): [11:30 AM–3 PM, 6–10 PM], Tuesday(2026-06-30): [11:30 AM–2:30 PM, 6–10 PM]",https://www.google.com/search?kgmid=/g/11cs5s09n7,/g/11cs5s09n7,https://www.google.com/maps?cid=613537371509019325,ChIJ15s54Y5JzDERvdI4Hf24gwg,,,,,,,,Restaurants in Kuala Lumpur
Ayam Penyet AP @NU Sentral,"Lot LG.17, Nu Sentral, Jalan Tun Sambanthan, Brickfields, 50470 Kuala Lumpur, Wilayah Persekutuan Kuala Lumpur, Malaysia","Lot LG.17, Nu Sentral",Jalan Tun Sambanthan,Indonesian restaurant;Restaurant,"Service options: [No-contact delivery, Delivery, Takeout, Dine-in, Onsite services not available], Popular for: [Lunch, Dinner, Solo dining], Accessibility: [ Does not have assistive hearing loop, No wheelchair accessible entrance, No wheelchair accessible parking lot, No wheelchair accessible restroom, No wheelchair accessible seating], Offerings: [Coffee, Organic dishes, Quick bite, Small plates], Dining options: [Breakfast, Brunch, Lunch, Dinner, Catering, Counter service, Seating, Table service], Amenities: [No restroom], Atmosphere: [Casual, Trendy], Crowd: [Family-friendly, Good for groups, Tourists], Planning: [Accepts reservations], Payments: [Credit cards, Debit cards, NFC mobile payments, ], Children: [Good for kids, High chairs, Kids' menu], Parking: [Paid parking lot, ]",+60 17-262 2850,"017-262 2850, +60 17-262 2850",YES,Ayam Penyet AP @NU Sentral (Owner),113301984715227743340,https://www.google.com/maps/contrib/113301984715227743340,2387,4.8,https://search.google.com/local/reviews?placeid=ChIJ3SiHbbdJzDERU4cbrOBPDA8&authuser=0&hl=en&gl=US,1084329436668200787,0x31cc49b76d8728dd:0xf0c4fe0ac1b8753,3.1337336,101.6870771,Asia/Kuala_Lumpur,instagram.com/ayampenyetnus?igshid=OGQ5ZDc2ODk2ZA==,instagram.com,"Wednesday(2026-06-24): [10 AM–9:30 PM], Thursday(2026-06-25): [10 AM–9:30 PM], Friday(2026-06-26): [10 AM–9:30 PM], Saturday(2026-06-27): [10 AM–9:30 PM], Sunday(2026-06-28): [10 AM–9:30 PM], Monday(2026-06-29): [10 AM–9:30 PM], Tuesday(2026-06-30): [10 AM–9:30 PM]",https://www.google.com/search?kgmid=/g/11krpjmwnm,/g/11krpjmwnm,https://www.google.com/maps?cid=1084329436668200787,ChIJ3SiHbbdJzDERU4cbrOBPDA8,,,,,,,,Restaurants in Kuala Lumpur
Palate@CVSKL,"G Floor, Cardiac Vascular Sentral, Wilayah Persekutuan, 50470 Kuala Lumpur, Wilayah Persekutuan Kuala Lumpur, Malaysia","G Floor, Cardiac Vascular Sentral",Wilayah Persekutuan,Restaurant,"Service options: [Takeout, Dine-in, No delivery], Highlights: [Great coffee], Popular for: [Breakfast, Lunch, Solo dining], Accessibility: [Wheelchair accessible entrance, Wheelchair accessible parking lot, Wheelchair accessible restroom, Wheelchair accessible seating], Offerings: [Coffee, Quick bite, Small plates], Dining options: [Breakfast, Brunch, Lunch, Dinner, Dessert, Seating], Amenities: [Restroom, Wi-Fi, ], Atmosphere: [Casual], Crowd: [Family-friendly, Good for groups], Payments: [Debit cards, NFC mobile payments], Children: [Good for kids, Has changing table(s)], Parking: [Paid parking lot, , Valet parking]",+60 3-2276 7046,"03-2276 7046, +60 3-2276 7046",YES,Palate@CVSKL (Owner),114586717555092486832,https://www.google.com/maps/contrib/114586717555092486832,105,4.6,https://search.google.com/local/reviews?placeid=ChIJ9V0cjmZJzDERQ3zh7TVBO6g&authuser=0&hl=en&gl=US,12122354521877871683,0x31cc49668e1c5df5:0xa83b4135ede17c43,3.1334883,101.6850606,Asia/Kuala_Lumpur,www.cvskl.com/services/palate-cvskl/,cvskl.com,"Wednesday(2026-06-24): [8 AM–7 PM], Thursday(2026-06-25): [8 AM–7 PM], Friday(2026-06-26): [8 AM–7 PM], Saturday(2026-06-27): [8 AM–3 PM], Sunday(2026-06-28): [Closed], Monday(2026-06-29): [8 AM–7 PM], Tuesday(2026-06-30): [8 AM–7 PM]",https://www.google.com/search?kgmid=/g/11m5s4tgnl,/g/11m5s4tgnl,https://www.google.com/maps?cid=12122354521877871683,ChIJ9V0cjmZJzDERQ3zh7TVBO6g,,,,,,,,Restaurants in Kuala Lumpur
Sambal Hijau Restaurant,"2990, Jalan Sungai Penchala, Kampung Sungai Penchala, 60000 Kuala Lumpur, Wilayah Persekutuan Kuala Lumpur, Malaysia","2990, Jalan Sungai Penchala",Sungai Penchala,Malaysian restaurant;Restaurant,"Service options: [Delivery, Onsite services, Takeout, Dine-in], Highlights: [Great dessert], Popular for: [Lunch, Dinner, Solo dining], Accessibility: [Wheelchair accessible seating], Offerings: [Coffee, Late-night food, Quick bite, Small plates], Dining options: [Breakfast, Brunch, Lunch, Dinner, Catering, Counter service, Dessert, Table service], Amenities: [Restroom], Atmosphere: [Casual, Trendy], Crowd: [Good for groups, Tourists], Planning: [Lunch reservations recommended, Accepts reservations, Usually a wait], Payments: [Credit cards, Debit cards, NFC mobile payments, ], Children: [Good for kids], Parking: [Free parking lot, Free street parking, Paid parking lot, ]",+60 3-7731 2045,"03-7731 2045, +60 3-7731 2045",NO,Sambal Hijau Restaurant (Owner),,,6276,4.1,https://search.google.com/local/reviews?placeid=ChIJU_sY589IzDERS9hfn8WyBSE&authuser=0&hl=en&gl=US,2379504539987335243,0x31cc48cfe718fb53:0x2105b2c59f5fd84b,3.1624045,101.62578579999999,Asia/Kuala_Lumpur,www.facebook.com/restoransambalhijau/,facebook.com,"Wednesday(2026-06-24): [10 AM–10 PM], Thursday(2026-06-25): [10 AM–10 PM], Friday(2026-06-26): [10 AM–10 PM], Saturday(2026-06-27): [10 AM–10 PM], Sunday(2026-06-28): [10 AM–10 PM], Monday(2026-06-29): [10 AM–10 PM], Tuesday(2026-06-30): [10 AM–10 PM]",https://www.google.com/search?kgmid=/g/1tfvdq3f,/g/1tfvdq3f,https://www.google.com/maps?cid=2379504539987335243,ChIJU_sY589IzDERS9hfn8WyBSE,,,,,,,,Restaurants in Kuala Lumpur
Chinese Palace Restaurant 中华饭店,"1G, Jalan Maharajalela, Kampung Attap, City Centre, 50150 Kuala Lumpur, Malaysia","1G, Jalan Maharajalela, Kampung Attap",City Centre,Cantonese restaurant;Chinese restaurant,"Service options: [No-contact delivery, Delivery, Onsite services, Takeout, Dine-in], Highlights: [Great dessert, Great tea selection], Popular for: [Lunch, Dinner], Accessibility: [Wheelchair accessible entrance, Wheelchair accessible seating], Offerings: [Alcohol, Beer, Hard liquor, Private dining room, Small plates, Wine], Dining options: [Breakfast, Brunch, Lunch, Dinner, Catering, Dessert, Seating, Table service], Amenities: [Restroom], Atmosphere: [Cozy, Upscale], Crowd: [Good for groups], Planning: [Brunch reservations recommended, Lunch reservations recommended, Reservations required, Dinner reservations recommended, Accepts reservations], Payments: [Credit cards, Debit cards, NFC mobile payments, ], Children: [Good for kids, High chairs], Parking: [Free street parking, Paid parking lot, Paid street parking, ]",+60 16-833 6228,"016-833 6228, +60 16-833 6228",YES,Chinese Palace Restaurant 中华饭店 (Owner),116751733872897504620,https://www.google.com/maps/contrib/116751733872897504620,794,4.4,https://search.google.com/local/reviews?placeid=ChIJidyCzrRJzDER4bf6vlagmvc&authuser=0&hl=en&gl=US,17841749168213374945,0x31cc49b4ce82dc89:0xf79aa056befab7e1,3.1389796,101.6981364,Asia/Kuala_Lumpur,www.chinesepalace.com.my/,chinesepalace.com.my,"Wednesday(2026-06-24): [11 AM–2:30 PM, 6–10 PM], Thursday(2026-06-25): [11 AM–2:30 PM, 6–10 PM], Friday(2026-06-26): [11 AM–2:30 PM, 6–10 PM], Saturday(2026-06-27): [11 AM–2:30 PM, 6–10 PM], Sunday(2026-06-28): [10 AM–2:30 PM, 6–10 PM], Monday(2026-06-29): [11 AM–2:30 PM, 6–10 PM], Tuesday(2026-06-30): [11 AM–2:30 PM, 6–10 PM]",https://www.google.com/search?kgmid=/g/11jzx4sf0h,/g/11jzx4sf0h,https://www.google.com/maps?cid=17841749168213374945,ChIJidyCzrRJzDER4bf6vlagmvc,,,,,,,,Restaurants in Kuala Lumpur
Restoran Pik Wah,"Stadium Chinwoo, Jalan Hang Jebat, Seksyen 56, 50150 Kuala Lumpur, Wilayah Persekutuan Kuala Lumpur, Malaysia",Stadium Chinwoo,Jalan Hang Jebat,Chinese restaurant,"Service options: [Onsite services, Takeout, Dine-in, No delivery], Highlights: [Great dessert, Great tea selection, Great wine list], Popular for: [Lunch, Dinner], Accessibility: [Wheelchair accessible entrance, Wheelchair accessible parking lot, Wheelchair accessible restroom, Wheelchair accessible seating], Offerings: [Alcohol, Beer, Coffee, Hard liquor, Private dining room, Small plates, Vegetarian options, Wine], Dining options: [Brunch, Lunch, Dinner, Counter service, Dessert, Table service], Amenities: [Restroom], Atmosphere: [Casual, Cozy, Trendy], Crowd: [Good for groups, Tourists], Planning: [Brunch reservations recommended, Lunch reservations recommended, Reservations required, Dinner reservations recommended, Accepts reservations], Payments: [Credit cards, Debit cards, NFC mobile payments, ], Children: [Good for kids], Parking: [Paid parking lot, Paid street parking]",+60 3-2072 3668,"03-2072 3668, +60 3-2072 3668",YES,Restoran Pik Wah (Owner),107161681053007515620,https://www.google.com/maps/contrib/107161681053007515620,1448,4.1,https://search.google.com/local/reviews?placeid=ChIJs_yzxtBJzDERG5_Dbs6D_-8&authuser=0&hl=en&gl=US,17293686016770809627,0x31cc49d0c6b3fcb3:0xefff83ce6ec39f1b,3.1411411,101.6994125,Asia/Kuala_Lumpur,www.facebook.com/pikwah1971,facebook.com,"Wednesday(2026-06-24): [12–3 PM, 6–10 PM], Thursday(2026-06-25): [12–3 PM, 6–10 PM], Friday(2026-06-26): [12–3 PM, 6–10 PM], Saturday(2026-06-27): [12–3 PM, 6–10 PM], Sunday(2026-06-28): [12–3 PM, 6–10 PM], Monday(2026-06-29): [12–3 PM, 6–10 PM], Tuesday(2026-06-30): [12–3 PM, 6–10 PM]",https://www.google.com/search?kgmid=/g/1tfcf85q,/g/1tfcf85q,https://www.google.com/maps?cid=17293686016770809627,ChIJs_yzxtBJzDERG5_Dbs6D_-8,,,,,,,,Restaurants in Kuala Lumpur
Mr Naan & Mrs Idly,"190, Jalan Tun Sambanthan, Brickfields, 50470 Kuala Lumpur, Wilayah Persekutuan Kuala Lumpur, Malaysia","190, Jalan Tun Sambanthan",Brickfields,Vegetarian restaurant;Indian sweets shop;Indian takeaway;North Indian restaurant;South Indian restaurant,"Service options: [Delivery, Onsite services, Takeout, Dine-in], Highlights: [Great coffee, Great dessert, Great tea selection], Popular for: [Breakfast, Lunch, Dinner, Solo dining], Accessibility: [Wheelchair accessible seating], Offerings: [All you can eat, Coffee, Healthy options, Organic dishes, Quick bite, Small plates, Vegan options, Vegetarian options], Dining options: [Breakfast, Brunch, Lunch, Dinner, Catering, Counter service, Dessert, Table service], Amenities: [Gender-neutral restroom, Restroom, Wi-Fi, ], Atmosphere: [Casual, Trendy], Crowd: [Good for groups, Tourists], Planning: [Brunch reservations recommended, Accepts reservations], Payments: [Credit cards, Debit cards, NFC mobile payments, ], Children: [Good for kids], Parking: [Free parking lot, Paid parking lot, Paid street parking]",+60 17-762 9070,"017-762 9070, +60 17-762 9070",YES,Mr Naan & Mrs Idly (Owner),108405360591923711861,https://www.google.com/maps/contrib/108405360591923711861,4270,4.5,https://search.google.com/local/reviews?placeid=ChIJq7Q6lsFJzDERq1u8QaI3gN0&authuser=0&hl=en&gl=US,15960818249428130731,0x31cc49c1963ab4ab:0xdd8037a241bc5bab,3.1312834,101.68603829999999,Asia/Kuala_Lumpur,,,"Wednesday(2026-06-24): [11 AM–9:30 PM], Thursday(2026-06-25): [11 AM–9:30 PM], Friday(2026-06-26): [11 AM–10:30 PM], Saturday(2026-06-27): [11 AM–10:30 PM], Sunday(2026-06-28): [11 AM–10:30 PM], Monday(2026-06-29): [11 AM–9:30 PM], Tuesday(2026-06-30): [11 AM–9:30 PM]",https://www.google.com/search?kgmid=/g/11cn8pd5f_,/g/11cn8pd5f_,https://www.google.com/maps?cid=15960818249428130731,ChIJq7Q6lsFJzDERq1u8QaI3gN0,,,,,,,,Restaurants in Kuala Lumpur
Kontiki Restaurant At The Federal Kuala Lumpur,"35, Jln Bukit Bintang, Bukit Bintang, 55100 Kuala Lumpur, Wilayah Persekutuan Kuala Lumpur, Malaysia","35, Jln Bukit Bintang",Bukit Bintang,Restaurant,"Service options: [Outdoor seating, No delivery, Onsite services not available], Accessibility: [Wheelchair accessible entrance], Offerings: [All you can eat, Coffee], Dining options: [Breakfast, Lunch, Dinner, Dessert, Seating], Amenities: [Wi-Fi, ], Crowd: [Family-friendly], Planning: [Reservations required, Accepts reservations], Payments: [], Children: [Good for kids, Kids' menu], Parking: [Paid parking garage, Valet parking]",+60 18-371 2080,"018-371 2080, +60 18-371 2080",YES,Kontiki Restaurant At The Federal Kuala Lumpur (Owner),100688240371142999540,https://www.google.com/maps/contrib/100688240371142999540,223,4,https://search.google.com/local/reviews?placeid=ChIJrzMpUyg2zDERi7woVIeGSyM&authuser=0&hl=en&gl=US,2543274330371439755,0x31cc3628532933af:0x234b86875428bc8b,3.1442845999999998,101.70883099999999,Asia/Kuala_Lumpur,www.fhihotels.com/dining-federal,fhihotels.com,,https://www.google.com/search?kgmid=/g/11bw1znymd,/g/11bw1znymd,https://www.google.com/maps?cid=2543274330371439755,ChIJrzMpUyg2zDERi7woVIeGSyM,,,,,,,,Restaurants in Kuala Lumpur
Shanghai Restaurant,"L1, JW Marriott 183, Jln Bukit Bintang, Bukit Bintang, 55100 Kuala Lumpur, Federal Territory of Kuala Lumpur, Malaysia","L1, JW Marriott 183",Jln Bukit Bintang,Shanghainese restaurant,"Service options: [Delivery, Takeout, Dine-in], Popular for: [Lunch, Dinner, Solo dining], Accessibility: [Wheelchair accessible seating], Offerings: [Alcohol, Beer, Small plates, Wine], Dining options: [Brunch, Lunch, Dinner, Dessert, Table service], Amenities: [Restroom], Atmosphere: [Casual], Crowd: [Good for groups], Planning: [Accepts reservations], Payments: [NFC mobile payments], Children: [Good for kids], Parking: [Paid parking lot]",+60 18-623 0069,"018-623 0069, +60 18-623 0069",YES,Shanghai Restaurant (Owner),109366749049127358384,https://www.google.com/maps/contrib/109366749049127358384,216,4.1,https://search.google.com/local/reviews?placeid=ChIJWwyNaiw2zDER7uyyxH-iXCY&authuser=0&hl=en&gl=US,2764262940943248622,0x31cc362c6a8d0c5b:0x265ca27fc4b2ecee,3.1477847,101.7138854,Asia/Kuala_Lumpur,www.shanghairestaurant.com.my/,shanghairestaurant.com.my,"Wednesday(2026-06-24): [12–2:30 PM, 6:30–10 PM], Thursday(2026-06-25): [12–2:30 PM, 6:30–10 PM], Friday(2026-06-26): [12–2:30 PM, 6:30–10 PM], Saturday(2026-06-27): [12–2:30 PM, 6:30–10 PM], Sunday(2026-06-28): [10:30 AM–2:30 PM, 6:30–10 PM], Monday(2026-06-29): [Closed], Tuesday(2026-06-30): [12–2:30 PM, 6:30–10 PM]",https://www.google.com/search?kgmid=/g/1td7qppl,/g/1td7qppl,https://www.google.com/maps?cid=2764262940943248622,ChIJWwyNaiw2zDER7uyyxH-iXCY,,,,,,,,Restaurants in Kuala Lumpur
Lapandekar Cafe @ Mercu UEM,"Level 9, Mercu UEM, Jalan Stesen Sentral 5, Kuala Lumpur Sentral, 50470 Kuala Lumpur, Wilayah Persekutuan Kuala Lumpur, Malaysia","Level 9, Mercu UEM",Jalan Stesen Sentral 5,Restaurant,"Service options: [Outdoor seating, Delivery, Takeout, Dine-in], Highlights: [Great coffee], Popular for: [Breakfast, Lunch, Dinner, Solo dining], Accessibility: [ Does not have assistive hearing loop, No wheelchair accessible entrance, No wheelchair accessible parking lot, No wheelchair accessible restroom, No wheelchair accessible seating], Offerings: [Coffee, Quick bite, Small plates], Dining options: [Breakfast, Brunch, Lunch, Dinner, Catering, Dessert, Seating, Table service], Amenities: [Restroom], Atmosphere: [Casual], Crowd: [Family-friendly, Good for groups], Planning: [Accepts reservations], Payments: [Debit cards, NFC mobile payments], Children: [Good for kids, High chairs]",+60 11-2784 8055,"011-2784 8055, +60 11-2784 8055",YES,Lapandekar Cafe @ Mercu UEM (Owner),107694655969842615869,https://www.google.com/maps/contrib/107694655969842615869,11,4.9,https://search.google.com/local/reviews?placeid=ChIJXVJNxBZHzDERNr3Lg7viY98&authuser=0&hl=en&gl=US,16096958788150213942,0x31cc4716c44d525d:0xdf63e2bb83cbbd36,3.1322910999999998,101.6849033,Asia/Kuala_Lumpur,,,"Wednesday(2026-06-24): [7:30 AM–5 PM], Thursday(2026-06-25): [7:30 AM–5 PM], Friday(2026-06-26): [7:30 AM–5 PM], Saturday(2026-06-27): [Closed], Sunday(2026-06-28): [Closed], Monday(2026-06-29): [7:30 AM–5 PM], Tuesday(2026-06-30): [7:30 AM–5 PM]",https://www.google.com/search?kgmid=/g/11rcy8sflq,/g/11rcy8sflq,https://www.google.com/maps?cid=16096958788150213942,ChIJXVJNxBZHzDERNr3Lg7viY98,,,,,,,,Restaurants in Kuala Lumpur
Level 1 Exclusive Bar & Restaurant,"3-1, Jalan Telawi 2, Bangsar, 59000 Kuala Lumpur, Wilayah Persekutuan Kuala Lumpur, Malaysia","3-1, Jalan Telawi 2",Bangsar,Bar & grill,"Service options: [Delivery, Takeout, Dine-in], Highlights: [Great beer selection, Great cocktails, Live music, Live performances], Popular for: [Dinner], Offerings: [Alcohol, Beer, Cocktails, Coffee, Food, Food at bar, Happy hour drinks, Happy hour food, Hard liquor, Late-night food, Small plates, Wine], Dining options: [Lunch, Dinner, Dessert, Seating, Table service], Amenities: [Bar onsite, Restroom, Wi-Fi, ], Atmosphere: [Casual, Cozy, Trendy], Crowd: [Family-friendly, Good for groups], Planning: [Dinner reservations recommended, Accepts reservations], Payments: [Credit cards, Debit cards, NFC mobile payments, ], Children: [High chairs]",+60 16-345 7272,"016-345 7272, +60 16-345 7272",YES,Level 1 Exclusive Bar & Restaurant (Owner),101431632569848007798,https://www.google.com/maps/contrib/101431632569848007798,22,4.7,https://search.google.com/local/reviews?placeid=ChIJWUwKLThJzDERSOKYrI1tMWM&authuser=0&hl=en&gl=US,7147614538867204680,0x31cc49382d0a4c59:0x63316d8dac98e248,3.1324986,101.6716455,Asia/Kuala_Lumpur,,,"Wednesday(2026-06-24): [6 PM–2 AM], Thursday(2026-06-25): [6 PM–2 AM], Friday(2026-06-26): [6 PM–2 AM], Saturday(2026-06-27): [6 PM–2 AM], Sunday(2026-06-28): [6 PM–2 AM], Monday(2026-06-29): [6 PM–2 AM], Tuesday(2026-06-30): [6 PM–2 AM]",https://www.google.com/search?kgmid=/g/11sh4gm1d9,/g/11sh4gm1d9,https://www.google.com/maps?cid=7147614538867204680,ChIJWUwKLThJzDERSOKYrI1tMWM,,,,,,,,Restaurants in Kuala Lumpur
Topshelf TTDI,"61, Lorong Rahim Kajai 13, Taman Tun Dr Ismail, 60000 Kuala Lumpur, Wilayah Persekutuan Kuala Lumpur, Malaysia","61, Lorong Rahim Kajai 13",Taman Tun Dr Ismail,French restaurant,"Service options: [Onsite services, Dine-in, No delivery], Highlights: [Great beer selection, Great cocktails, Great dessert, Great wine list], Popular for: [Dinner, Solo dining], Accessibility: [Wheelchair accessible seating], Offerings: [Alcohol, Beer, Cocktails, Coffee, Hard liquor, Small plates, Wine], Dining options: [Dinner, Dessert, Table service], Amenities: [Bar onsite, Restroom], Atmosphere: [Casual, Cozy, Romantic, Trendy, Upscale], Crowd: [Good for groups], Planning: [Reservations required, Dinner reservations recommended, Accepts reservations], Payments: [Credit cards, Debit cards, NFC mobile payments], Parking: [Paid street parking]",+60 11-6177 7277,"011-6177 7277, +60 11-6177 7277",YES,Topshelf TTDI (Owner),106186825873011765153,https://www.google.com/maps/contrib/106186825873011765153,654,4.3,https://search.google.com/local/reviews?placeid=ChIJq_pevNZIzDERfFRMoUOrtDY&authuser=0&hl=en&gl=US,3941963880813319292,0x31cc48d6bc5efaab:0x36b4ab43a14c547c,3.1562962,101.6226028,Asia/Kuala_Lumpur,www.topshelf.com.my/,topshelf.com.my,"Wednesday(2026-06-24): [5 PM–12 AM], Thursday(2026-06-25): [5 PM–12 AM], Friday(2026-06-26): [5 PM–12 AM], Saturday(2026-06-27): [5 PM–12 AM], Sunday(2026-06-28): [5 PM–12 AM], Monday(2026-06-29): [5 PM–12 AM], Tuesday(2026-06-30): [5 PM–12 AM]",https://www.google.com/search?kgmid=/g/12qh15dtd,/g/12qh15dtd,https://www.google.com/maps?cid=3941963880813319292,ChIJq_pevNZIzDERfFRMoUOrtDY,,,,,,,,Restaurants in Kuala Lumpur
Mr. Tuk Tuk Nu Sentral,"Level 4, Nu Sentral Mall, Kuala Lumpur Sentral, 50470 Kuala Lumpur, Federal Territory of Kuala Lumpur, Malaysia","Level 4, Nu Sentral Mall",Kuala Lumpur Sentral,Thai restaurant,"Service options: [Delivery, Onsite services, Takeout, Dine-in], Highlights: [Great dessert], Popular for: [Lunch, Dinner, Solo dining], Offerings: [Coffee, Quick bite, Small plates, Vegetarian options], Dining options: [Brunch, Lunch, Dinner, Dessert, Table service], Atmosphere: [Casual, Trendy], Crowd: [Good for groups], Payments: [Credit cards, Debit cards, NFC mobile payments], Children: [Good for kids], Parking: [Paid parking lot, ]",+60 12-488 0318,"012-488 0318, +60 12-488 0318",NO,Mr. Tuk Tuk Nu Sentral (Owner),,,2848,4.6,https://search.google.com/local/reviews?placeid=ChIJu5IfTWRJzDERM4x-LW79jiE&authuser=0&hl=en&gl=US,2418148699596033075,0x31cc49644d1f92bb:0x218efd6e2d7e8c33,3.1337352999999997,101.6875841,Asia/Kuala_Lumpur,,,"Wednesday(2026-06-24): [10 AM–10 PM], Thursday(2026-06-25): [10 AM–10 PM], Friday(2026-06-26): [10 AM–10 PM], Saturday(2026-06-27): [10 AM–10 PM], Sunday(2026-06-28): [10 AM–10 PM], Monday(2026-06-29): [10 AM–10 PM], Tuesday(2026-06-30): [10 AM–10 PM]",https://www.google.com/search?kgmid=/g/11f8mb3z13,/g/11f8mb3z13,https://www.google.com/maps?cid=2418148699596033075,ChIJu5IfTWRJzDERM4x-LW79jiE,,,,,,,,Restaurants in Kuala Lumpur
Restoran Saravanaa Bhavan • Brickfields,"196, Jalan Tun Sambanthan, Brickfields, 50470 Kuala Lumpur, Wilayah Persekutuan Kuala Lumpur, Malaysia","196, Jalan Tun Sambanthan",Brickfields,Vegetarian restaurant;Indian restaurant,"Service options: [Delivery, Onsite services, Takeout, Dine-in], Highlights: [Great coffee, Great dessert, Great tea selection], Popular for: [Breakfast, Lunch, Dinner, Solo dining], Accessibility: [No wheelchair accessible parking lot], Offerings: [Coffee, Healthy options, Quick bite, Small plates, Vegan options, Vegetarian options], Dining options: [Breakfast, Brunch, Lunch, Dinner, Catering, Counter service, Dessert, Table service], Amenities: [Restroom], Atmosphere: [Casual], Crowd: [Good for groups, Tourists], Planning: [Lunch reservations recommended, Accepts reservations], Payments: [Credit cards, Debit cards, NFC mobile payments, ], Children: [Good for kids], Parking: [Free street parking, Paid parking lot, ]",+60 3-2260 3755,"03-2260 3755, +60 3-2260 3755",YES,Restoran Saravanaa Bhavan • Brickfields (Owner),118314447845954914854,https://www.google.com/maps/contrib/118314447845954914854,2526,4,https://search.google.com/local/reviews?placeid=ChIJW55pkOpJzDERnFLCv-gv36k&authuser=0&hl=en&gl=US,12240554988912399004,0x31cc49ea90699e5b:0xa9df2fe8bfc2529c,3.1310617,101.6858895,Asia/Kuala_Lumpur,www.saravanabhavan.com/,saravanabhavan.com,"Wednesday(2026-06-24): [7:30 AM–11 PM], Thursday(2026-06-25): [7:30 AM–11 PM], Friday(2026-06-26): [7:30 AM–11 PM], Saturday(2026-06-27): [7:30 AM–11 PM], Sunday(2026-06-28): [7:30 AM–11 PM], Monday(2026-06-29): [7:30 AM–11 PM], Tuesday(2026-06-30): [7:30 AM–11 PM]",https://www.google.com/search?kgmid=/g/12qg0_4ct,/g/12qg0_4ct,https://www.google.com/maps?cid=12240554988912399004,ChIJW55pkOpJzDERnFLCv-gv36k,,,,,,,,Restaurants in Kuala Lumpur
The Gurkhas Restaurant,"27, Jalan Tun Tan Siew Sin, City Centre, 50050 Kuala Lumpur, Wilayah Persekutuan Kuala Lumpur, Malaysia","27, Jalan Tun Tan Siew Sin",Kuala Lumpur City Centre,Nepalese restaurant,"Service options: [Takeout, Dine-in], Popular for: [Lunch, Dinner, Solo dining], Accessibility: [No wheelchair accessible parking lot], Offerings: [Alcohol, Beer, Small plates], Dining options: [Lunch, Dinner, Table service], Amenities: [Restroom], Atmosphere: [Casual], Crowd: [Good for groups], Payments: [Debit cards, NFC mobile payments], Children: [Good for kids]",,,YES,The Gurkhas Restaurant (Owner),109279245126757330725,https://www.google.com/maps/contrib/109279245126757330725,40,4.2,https://search.google.com/local/reviews?placeid=ChIJuS7uJ9JJzDERVq6QHfZk0QE&authuser=0&hl=en&gl=US,130996872391208534,0x31cc49d227ee2eb9:0x1d164f61d90ae56,3.14656,101.69759499999999,Asia/Kuala_Lumpur,,,"Wednesday(2026-06-24): [8 AM–8 PM], Thursday(2026-06-25): [8 AM–8 PM], Friday(2026-06-26): [8 AM–8 PM], Saturday(2026-06-27): [8 AM–8 PM], Sunday(2026-06-28): [8 AM–8 PM], Monday(2026-06-29): [8 AM–8 PM], Tuesday(2026-06-30): [8 AM–8 PM]",https://www.google.com/search?kgmid=/g/1tcypbhw,/g/1tcypbhw,https://www.google.com/maps?cid=130996872391208534,ChIJuS7uJ9JJzDERVq6QHfZk0QE,,,,,,,,Restaurants in Kuala Lumpur
Haba Bar & Restaurant,"42A, Jalan Kemuja, Bangsar, 59000 Kuala Lumpur, Wilayah Persekutuan Kuala Lumpur, Malaysia","42A, Jalan Kemuja",Bangsar,Bar & grill,"Service options: [Outdoor seating, No-contact delivery, Delivery, Drive-through, Takeout, Dine-in], Highlights: [Great beer selection, Great cocktails, Live music, Live performances], Popular for: [Dinner, Solo dining], Offerings: [Alcohol, Beer, Cocktails, Coffee, Food, Food at bar, Happy hour drinks, Hard liquor, Quick bite, Small plates, Wine], Dining options: [Lunch, Dinner, Dessert, Seating, Table service], Amenities: [Bar onsite, Restroom], Atmosphere: [Casual, Cozy, Trendy], Crowd: [Family-friendly, Good for groups], Planning: [Accepts reservations], Payments: [Credit cards, Debit cards, NFC mobile payments], Children: [High chairs], Parking: [Free street parking]",+60 12-836 6314,"012-836 6314, +60 12-836 6314",YES,Haba Bar & Restaurant (Owner),117089611651133095052,https://www.google.com/maps/contrib/117089611651133095052,233,4.5,https://search.google.com/local/reviews?placeid=ChIJ8TUk5bhJzDERLwPuF5lCzoU&authuser=0&hl=en&gl=US,9641717077545714479,0x31cc49b8e52435f1:0x85ce429917ee032f,3.1288970999999997,101.6791894,Asia/Kuala_Lumpur,linktr.ee/hababarkl,linktr.ee,"Wednesday(2026-06-24): [5 PM–1 AM], Thursday(2026-06-25): [5 PM–1 AM], Friday(2026-06-26): [5 PM–1 AM], Saturday(2026-06-27): [5 PM–1 AM], Sunday(2026-06-28): [Closed], Monday(2026-06-29): [5 PM–1 AM], Tuesday(2026-06-30): [5 PM–1 AM]",https://www.google.com/search?kgmid=/g/11spxg53qm,/g/11spxg53qm,https://www.google.com/maps?cid=9641717077545714479,ChIJ8TUk5bhJzDERLwPuF5lCzoU,,,,,,,,Restaurants in Kuala Lumpur
Lisette's Café & Bakery @ Bangsar,"No. 8, Jalan Kemuja, Bangsar, 59000 Kuala Lumpur, Wilayah Persekutuan Kuala Lumpur, Malaysia","No. 8, Jalan Kemuja",Bangsar,Cafe;Bakery;Brunch restaurant;Dessert shop,"From the business: [Identifies as women-owned], Service options: [Outdoor seating, Onsite services, Takeout, Dine-in], Highlights: [Great coffee, Great dessert, Great tea selection], Popular for: [Breakfast, Lunch, Dinner, Solo dining, Good for working on laptop], Accessibility: [Wheelchair accessible seating, No wheelchair accessible parking lot], Offerings: [Alcohol, Beer, Cocktails, Coffee, Healthy options, Organic dishes, Quick bite, Small plates, Vegan options, Vegetarian options, Wine], Dining options: [Breakfast, Brunch, Lunch, Dinner, Catering, Dessert, Seating, Table service], Amenities: [Bar onsite, Restroom, Wi-Fi, ], Atmosphere: [Casual, Cozy, Romantic, Trendy], Crowd: [Family-friendly, Good for groups, Tourists], Planning: [Brunch reservations recommended, Lunch reservations recommended, Accepts reservations], Payments: [Credit cards, Debit cards, NFC mobile payments, ], Children: [Good for kids], Parking: [Free street parking, Paid parking lot, Paid street parking, ]",+60 3-2201 7772,"03-2201 7772, +60 3-2201 7772",YES,Lisette's Café & Bakery @ Bangsar (Owner),114603496735754012106,https://www.google.com/maps/contrib/114603496735754012106,2313,4.3,https://search.google.com/local/reviews?placeid=ChIJmxWkt5VJzDERJJUH7Oag9Ig&authuser=0&hl=en&gl=US,9868689597138441508,0x31cc4995b7a4159b:0x88f4a0e6ec079524,3.1296548,101.67984519999999,Asia/Kuala_Lumpur,www.lisettes.com.my/,lisettes.com.my,"Wednesday(2026-06-24): [8 AM–7 PM], Thursday(2026-06-25): [8 AM–7 PM], Friday(2026-06-26): [8 AM–7 PM], Saturday(2026-06-27): [8 AM–7 PM], Sunday(2026-06-28): [8 AM–7 PM], Monday(2026-06-29): [8 AM–7 PM], Tuesday(2026-06-30): [8 AM–7 PM]",https://www.google.com/search?kgmid=/g/11gk6b4n1n,/g/11gk6b4n1n,https://www.google.com/maps?cid=9868689597138441508,ChIJmxWkt5VJzDERJJUH7Oag9Ig,,,,,,,,Restaurants in Kuala Lumpur
Maya Mess @ Brickfields,"146, Jalan Tun Sambanthan, Brickfields, 50470 Kuala Lumpur, Wilayah Persekutuan Kuala Lumpur, Malaysia","146, Jalan Tun Sambanthan",Brickfields,South Indian restaurant,"Service options: [Onsite services, Takeout, Dine-in], Highlights: [Great coffee, Great tea selection], Popular for: [Breakfast, Lunch, Dinner, Solo dining], Accessibility: [No wheelchair accessible entrance, No wheelchair accessible parking lot, No wheelchair accessible seating], Offerings: [All you can eat, Coffee, Happy hour drinks, Happy hour food, Organic dishes, Quick bite, Small plates, Vegan options, Vegetarian options], Dining options: [Breakfast, Brunch, Lunch, Dinner, Catering, Counter service, Dessert, Seating, Table service], Amenities: [Restroom], Atmosphere: [Casual, Trendy], Crowd: [Family-friendly, Good for groups, Tourists], Planning: [Accepts reservations], Payments: [Credit cards, Debit cards, NFC mobile payments, ], Children: [Good for kids], Parking: [Paid parking lot]",+60 19-339 7801,"019-339 7801, +60 19-339 7801",YES,Maya Mess @ Brickfields (Owner),111214693357627098573,https://www.google.com/maps/contrib/111214693357627098573,1064,4.3,https://search.google.com/local/reviews?placeid=ChIJGY-HbIdJzDER7uTIIZDYfCY&authuser=0&hl=en&gl=US,2773329584107087086,0x31cc49876c878f19:0x267cd89021c8e4ee,3.1319998,101.68692779999999,Asia/Kuala_Lumpur,,,"Wednesday(2026-06-24): [10 AM–10:30 PM], Thursday(2026-06-25): [11 AM–11 PM], Friday(2026-06-26): [8:30 AM–10:30 PM], Saturday(2026-06-27): [8:30 AM–10:30 PM], Sunday(2026-06-28): [8:30 AM–10:30 PM], Monday(2026-06-29): [11 AM–10:30 PM], Tuesday(2026-06-30): [11 AM–10:30 PM]",https://www.google.com/search?kgmid=/g/11tg0rxygy,/g/11tg0rxygy,https://www.google.com/maps?cid=2773329584107087086,ChIJGY-HbIdJzDER7uTIIZDYfCY,,,,,,,,Restaurants in Kuala Lumpur
Meals Station @ KL Sentral,"Kuala Lumpur Sentral Station, Kuala Lumpur Sentral, 50470 Kuala Lumpur, Wilayah Persekutuan Kuala Lumpur, Malaysia",Kuala Lumpur Sentral Station,Kuala Lumpur Sentral,Restaurant,"Service options: [Outdoor seating, Delivery, Onsite services, Takeout, Dine-in], Highlights: [Great tea selection], Popular for: [Lunch, Dinner, Solo dining], Accessibility: [Wheelchair accessible entrance, Wheelchair accessible seating], Offerings: [Coffee, Halal food, Quick bite, Small plates], Dining options: [Breakfast, Brunch, Lunch, Dinner, Counter service, Dessert, Seating, Table service], Atmosphere: [Casual], Crowd: [Good for groups, Tourists], Payments: [Credit cards, Debit cards, NFC mobile payments, ], Children: [Good for kids], Parking: [Paid parking lot, ]",+60 12-345 6852,"012-345 6852, +60 12-345 6852",YES,Meals Station @ KL Sentral (Owner),102267423269625359468,https://www.google.com/maps/contrib/102267423269625359468,674,4,https://search.google.com/local/reviews?placeid=ChIJJWFND8BJzDERjJQ35orwyLI&authuser=0&hl=en&gl=US,12882811213451859084,0x31cc49c00f4d6125:0xb2c8f08ae637948c,3.1343758,101.68609049999999,Asia/Kuala_Lumpur,,,"Wednesday(2026-06-24): [7 AM–9 PM], Thursday(2026-06-25): [7 AM–9 PM], Friday(2026-06-26): [7 AM–9 PM], Saturday(2026-06-27): [7 AM–9 PM], Sunday(2026-06-28): [7 AM–9 PM], Monday(2026-06-29): [7 AM–9 PM], Tuesday(2026-06-30): [7 AM–9 PM]",https://www.google.com/search?kgmid=/g/11gv0txjjd,/g/11gv0txjjd,https://www.google.com/maps?cid=12882811213451859084,ChIJJWFND8BJzDERjJQ35orwyLI,,,,,,,,Restaurants in Kuala Lumpur
Sri Paandi Restaurant,"No. 254, Jalan Tun Sambanthan, Brickfields, 50470 Kuala Lumpur, Wilayah Persekutuan Kuala Lumpur, Malaysia","No. 254, Jalan Tun Sambanthan",Brickfields,South Indian restaurant;Breakfast restaurant;Indian restaurant;Lunch restaurant,"Service options: [Outdoor seating, Onsite services, Takeout, Dine-in], Highlights: [Great coffee, Great tea selection], Popular for: [Breakfast, Lunch, Dinner, Solo dining], Offerings: [Coffee, Late-night food, Quick bite, Small plates, Vegetarian options], Dining options: [Breakfast, Brunch, Lunch, Dinner, Catering, Counter service, Dessert, Seating, Table service], Amenities: [Restroom], Atmosphere: [Casual, Trendy], Crowd: [College students, Family-friendly, Good for groups, Tourists], Planning: [Doesn't accept reservations], Payments: [Credit cards, Debit cards, NFC mobile payments, ], Children: [Good for kids], Parking: []",+60 3-2276 0761,"03-2276 0761, +60 3-2276 0761",YES,Sri Paandi Restaurant (Owner),109806058856070082622,https://www.google.com/maps/contrib/109806058856070082622,2752,3.6,https://search.google.com/local/reviews?placeid=ChIJuztLKutJzDERkIm2DulPLCM&authuser=0&hl=en&gl=US,2534488552695564688,0x31cc49eb2a4b3bbb:0x232c4fe90eb68990,3.1292891,101.68427609999999,Asia/Kuala_Lumpur,,,"Wednesday(2026-06-24): [9 AM–10:30 PM], Thursday(2026-06-25): [9 AM–11:30 PM], Friday(2026-06-26): [9 AM–11:30 PM], Saturday(2026-06-27): [9 AM–11:30 PM], Sunday(2026-06-28): [9 AM–11:30 PM], Monday(2026-06-29): [9 AM–11:30 PM], Tuesday(2026-06-30): [9 AM–11:30 PM]",https://www.google.com/search?kgmid=/g/12qfqf5g6,/g/12qfqf5g6,https://www.google.com/maps?cid=2534488552695564688,ChIJuztLKutJzDERkIm2DulPLCM,,,,,,,,Restaurants in Kuala Lumpur
Nadia Vege Cafe - Brickfields,"1 st floor, 5, Jalan Tun Sambanthan, Brickfields, 50470 Kuala Lumpur, Federal Territory of Kuala Lumpur, Malaysia",1 st floor,"5, Jalan Tun Sambanthan",Vegetarian restaurant,"From the business: [Identifies as women-owned], Service options: [Delivery, Onsite services, Takeout, Dine-in], Highlights: [Great coffee, Great dessert, Great tea selection], Popular for: [Breakfast, Lunch, Dinner, Solo dining], Offerings: [Coffee, Healthy options, Quick bite, Small plates, Vegan options, Vegetarian options], Dining options: [Breakfast, Brunch, Lunch, Dinner, Counter service, Dessert, Table service], Amenities: [Restroom], Atmosphere: [Casual, Cozy, Quiet], Crowd: [Good for groups], Planning: [Brunch reservations recommended, Accepts reservations], Payments: [Credit cards, Debit cards, NFC mobile payments, ], Children: [Good for kids], Parking: [Paid parking lot, Paid street parking]",+60 16-221 6774,"016-221 6774, +60 16-221 6774",YES,Nadia Vege Cafe - Brickfields (Owner),110710809829612587565,https://www.google.com/maps/contrib/110710809829612587565,561,4.4,https://search.google.com/local/reviews?placeid=ChIJv5OcXRRJzDERZ3Nt6MXVUUk&authuser=0&hl=en&gl=US,5283238883867063143,0x31cc49145d9c93bf:0x4951d5c5e86d7367,3.1279901999999997,101.6832026,Asia/Kuala_Lumpur,,,"Wednesday(2026-06-24): [8 AM–9:45 PM], Thursday(2026-06-25): [8 AM–9:45 PM], Friday(2026-06-26): [8 AM–9:45 PM], Saturday(2026-06-27): [8 AM–9:45 PM], Sunday(2026-06-28): [8 AM–9:45 PM], Monday(2026-06-29): [8 AM–9:45 PM], Tuesday(2026-06-30): [8 AM–9:45 PM]",https://www.google.com/search?kgmid=/g/11h58fmqb4,/g/11h58fmqb4,https://www.google.com/maps?cid=5283238883867063143,ChIJv5OcXRRJzDERZ3Nt6MXVUUk,,,,,,,,Restaurants in Kuala Lumpur
EQ Kuala Lumpur,"EQ, Equatorial Plaza, Jln Sultan Ismail, Kuala Lumpur, 50250 Kuala Lumpur, Wilayah Persekutuan Kuala Lumpur, Malaysia","EQ, Equatorial Plaza",Jln Sultan Ismail,Hotel;Event venue;Wedding venue,,+60 3-2789 7777,"03-2789 7777, +60 3-2789 7777",YES,EQ Kuala Lumpur (Owner),113671461775809637815,https://www.google.com/maps/contrib/113671461775809637815,3064,4.6,https://search.google.com/local/reviews?placeid=ChIJ29zYrKxJzDERP_CAMG4HNOQ&authuser=0&hl=en&gl=US,16443776309278076991,0x31cc49acacd8dcdb:0xe434076e3080f03f,3.1528644999999997,101.70970919999999,Asia/Kuala_Lumpur,www.eqkualalumpur.equatorial.com/?utm_source=local&utm_medium=organic&utm_campaign=GoogleMyBusiness,eqkualalumpur.equatorial.com,,https://www.google.com/search?kgmid=/g/11h1j1ny3x,/g/11h1j1ny3x,https://www.google.com/maps?cid=16443776309278076991,ChIJ29zYrKxJzDERP_CAMG4HNOQ,,,,,,,,Restaurants in Kuala Lumpur
Jalan Alor Food Street,"64, Jln Alor, Bukit Bintang, 50200 Kuala Lumpur, Federal Territory of Kuala Lumpur, Malaysia","64, Jln Alor",Bukit Bintang,Night market,"Service options: [In-store shopping, Onsite services], Accessibility: [Wheelchair accessible entrance, Wheelchair accessible restroom], Amenities: [Restroom], Payments: [Credit cards, Debit cards, NFC mobile payments, ], Children: [Good for kids], Parking: [Free parking lot, Paid parking lot, Paid street parking]",+60 1-800-88-9999,"1-800-88-9999, +60 1-800-88-9999",YES,Jalan Alor Food Street (Owner),100817960611839359595,https://www.google.com/maps/contrib/100817960611839359595,11882,4.4,https://search.google.com/local/reviews?placeid=ChIJWV51lvU3zDERCyHo6Gi0cQo&authuser=0&hl=en&gl=US,752580975424708875,0x31cc37f596755e59:0xa71b468e8e8210b,3.146121,101.70927619999999,Asia/Kuala_Lumpur,,,"Wednesday(2026-06-24): [2:30 PM–12 AM], Thursday(2026-06-25): [2:30 PM–12 AM], Friday(2026-06-26): [2:30 PM–12 AM], Saturday(2026-06-27): [2:30 PM–12 AM], Sunday(2026-06-28): [2:30 PM–12 AM], Monday(2026-06-29): [Closed], Tuesday(2026-06-30): [2:30 PM–12 AM]",https://www.google.com/search?kgmid=/g/11h4g7s858,/g/11h4g7s858,https://www.google.com/maps?cid=752580975424708875,ChIJWV51lvU3zDERCyHo6Gi0cQo,,,,,,,,Restaurants in Kuala Lumpur
Madurai Muniyandi Villas - KL Branch,"No 7 level, 1, Jalan Tun Sambanthan 1, Brickfields, 50470 Kuala Lumpur, Wilayah Persekutuan Kuala Lumpur, Malaysia",No 7 level,"1, Jalan Tun Sambanthan 1",Indian restaurant;South Indian restaurant,"Service options: [Outdoor seating, Onsite services, Takeout, Dine-in], Popular for: [Lunch, Dinner, Solo dining], Offerings: [Coffee, Small plates], Dining options: [Lunch, Dinner, Seating, Table service], Amenities: [Restroom], Atmosphere: [Casual, Trendy], Crowd: [Good for groups], Payments: [Credit cards, Debit cards, NFC mobile payments], Children: [Good for kids], Parking: [Paid parking lot, ]",+60 10-260 8636,"010-260 8636, +60 10-260 8636",YES,Madurai Muniyandi Villas - KL Branch (Owner),114332757022272065917,https://www.google.com/maps/contrib/114332757022272065917,352,4.4,https://search.google.com/local/reviews?placeid=ChIJHwy2SmpJzDERIgOkXZPxcGc&authuser=0&hl=en&gl=US,7453722998531687202,0x31cc496a4ab60c1f:0x6770f1935da40322,3.1269221999999997,101.68266709999999,Asia/Kuala_Lumpur,m.facebook.com/maduraiminiyandivillas/?tsid=0.16597635122085186&source=result,m.facebook.com,"Wednesday(2026-06-24): [11:30 AM–11 PM], Thursday(2026-06-25): [11:30 AM–11 PM], Friday(2026-06-26): [11:30 AM–11 PM], Saturday(2026-06-27): [11:30 AM–11 PM], Sunday(2026-06-28): [11:30 AM–11 PM], Monday(2026-06-29): [11:30 AM–11 PM], Tuesday(2026-06-30): [11:30 AM–11 PM]",https://www.google.com/search?kgmid=/g/11jm21bgb8,/g/11jm21bgb8,https://www.google.com/maps?cid=7453722998531687202,ChIJHwy2SmpJzDERIgOkXZPxcGc,,,,,,,,Restaurants in Kuala Lumpur
Ginza Sushimasa,"Level 7, Le Meridien, 2, Jalan Stesen Sentral, Kuala Lumpur Sentral, 50470 Kuala Lumpur, Federal Territory of Kuala Lumpur, Malaysia","Level 7, Le Meridien","2, Jalan Stesen Sentral",Sushi restaurant,"Service options: [Onsite services, Takeout, Dine-in], Popular for: [Lunch, Dinner, Solo dining], Accessibility: [Wheelchair accessible entrance, Wheelchair accessible restroom, Wheelchair accessible seating], Offerings: [Alcohol, Beer, Small plates, Wine], Dining options: [Lunch, Dinner, Counter service, Dessert, Seating, Table service], Amenities: [Restroom], Atmosphere: [Cozy, Trendy], Crowd: [Good for groups], Planning: [Dinner reservations recommended, Accepts reservations], Payments: [Credit cards, Debit cards, NFC mobile payments, ]",+60 3-2260 1686,"03-2260 1686, +60 3-2260 1686",YES,Ginza Sushimasa (Owner),116896438902659969966,https://www.google.com/maps/contrib/116896438902659969966,71,4.4,https://search.google.com/local/reviews?placeid=ChIJqSyB4MBJzDERTUIw3Vpnn3g&authuser=0&hl=en&gl=US,8691779445803991629,0x31cc49c0e0812ca9:0x789f675add30424d,3.1355602,101.6867145,Asia/Kuala_Lumpur,www.ginza-sushimasa.com/my,ginza-sushimasa.com,"Wednesday(2026-06-24): [12–2:30 PM, 6–10 PM], Thursday(2026-06-25): [12–2:30 PM, 6–10 PM], Friday(2026-06-26): [12–2:30 PM, 6–10 PM], Saturday(2026-06-27): [12–2:30 PM, 6–10 PM], Sunday(2026-06-28): [Closed], Monday(2026-06-29): [12–2:30 PM, 6–10 PM], Tuesday(2026-06-30): [12–2:30 PM, 6–10 PM]",https://www.google.com/search?kgmid=/g/11c1ww3cql,/g/11c1ww3cql,https://www.google.com/maps?cid=8691779445803991629,ChIJqSyB4MBJzDERTUIw3Vpnn3g,,,,,,,,Restaurants in Kuala Lumpur
Penrose KL,"149, Jalan Petaling, City Centre, 50000 Kuala Lumpur, Wilayah Persekutuan Kuala Lumpur, Malaysia","149, Jalan Petaling",Kuala Lumpur City Centre,Cocktail bar,"Service options: [Onsite services, Dine-in, No delivery, No takeout], Highlights: [Great cocktails, Great wine list], Popular for: [Solo dining], Accessibility: [No wheelchair accessible parking lot], Offerings: [Alcohol, Cocktails], Dining options: [Seating, Table service], Amenities: [Restroom], Atmosphere: [Casual, Cozy, Romantic, Trendy, Upscale], Crowd: [Good for groups, Tourists], Planning: [Reservations required, Accepts reservations, Usually a wait], Payments: [Credit cards, Debit cards, NFC mobile payments, ], Parking: [Paid parking lot]",,,YES,Penrose KL (Owner),101241674142198678556,https://www.google.com/maps/contrib/101241674142198678556,422,4.6,https://search.google.com/local/reviews?placeid=ChIJS0y677RJzDERvxxFFqGh7eg&authuser=0&hl=en&gl=US,16784249099515141311,0x31cc49b4efba4c4b:0xe8eda1a116451cbf,3.1414641,101.6979123,Asia/Kuala_Lumpur,www.instagram.com/penrose.kl/,instagram.com,"Wednesday(2026-06-24): [7 PM–1 AM], Thursday(2026-06-25): [7 PM–1 AM], Friday(2026-06-26): [7 PM–1 AM], Saturday(2026-06-27): [7 PM–1 AM], Sunday(2026-06-28): [7 PM–1 AM], Monday(2026-06-29): [Closed], Tuesday(2026-06-30): [Closed]",https://www.google.com/search?kgmid=/g/11rzq_zj20,/g/11rzq_zj20,https://www.google.com/maps?cid=16784249099515141311,ChIJS0y677RJzDERvxxFFqGh7eg,,,,,,,,Restaurants in Kuala Lumpur
Coley,"6-G, Jalan Abdullah, Bangsar, 59000 Kuala Lumpur, Wilayah Persekutuan Kuala Lumpur, Malaysia","6-G, Jalan Abdullah",Bangsar,Restaurant;Bar,"Service options: [Outdoor seating, Delivery, Onsite services, Dine-in], Highlights: [Great cocktails], Accessibility: [No wheelchair accessible entrance, No wheelchair accessible parking lot], Offerings: [Alcohol, Beer, Cocktails, Food, Food at bar, Hard liquor, Wine], Dining options: [Seating, Table service], Amenities: [Restroom], Atmosphere: [Casual, Cozy, Trendy], Crowd: [Good for groups, Tourists], Planning: [Accepts reservations], Payments: [Credit cards, Debit cards, NFC mobile payments, ], Parking: [Free street parking, ]",+60 19-270 9179,"019-270 9179, +60 19-270 9179",YES,Coley (Owner),114525094545184286950,https://www.google.com/maps/contrib/114525094545184286950,507,4.6,https://search.google.com/local/reviews?placeid=ChIJuc6RtZVJzDERItK2WuGQlqk&authuser=0&hl=en&gl=US,12220113936480391714,0x31cc4995b591ceb9:0xa99690e15ab6d222,3.1300117999999997,101.6801297,Asia/Kuala_Lumpur,www.facebook.com/LongLiveColey/,facebook.com,"Wednesday(2026-06-24): [5 PM–1 AM], Thursday(2026-06-25): [5 PM–1 AM], Friday(2026-06-26): [5 PM–1 AM], Saturday(2026-06-27): [5 PM–1 AM], Sunday(2026-06-28): [Closed], Monday(2026-06-29): [5 PM–1 AM], Tuesday(2026-06-30): [5 PM–1 AM]",https://www.google.com/search?kgmid=/g/11c44fnp0f,/g/11c44fnp0f,https://www.google.com/maps?cid=12220113936480391714,ChIJuc6RtZVJzDERItK2WuGQlqk,,,,,,,,Restaurants in Kuala Lumpur
Asam Pedas Brickfields,"Jalan Tun Sambanthan, Brickfields, 50470 Kuala Lumpur, Wilayah persekutuan, Malaysia",Jalan Tun Sambanthan,Brickfields,Malaysian restaurant,"Service options: [Takeout, Dine-in], Popular for: [Breakfast, Lunch, Solo dining], Offerings: [Coffee, Quick bite, Small plates], Dining options: [Breakfast, Brunch, Lunch], Atmosphere: [Casual], Crowd: [Good for groups]",+60 12-701 7731,"012-701 7731, +60 12-701 7731",NO,Asam Pedas Brickfields (Owner),,,37,4.6,https://search.google.com/local/reviews?placeid=ChIJqfUeUoVJzDERmQtsAW28OsE&authuser=0&hl=en&gl=US,13923648374330624921,0x31cc4985521ef5a9:0xc13abc6d016c0b99,3.1313953,101.6869325,Asia/Kuala_Lumpur,,,"Wednesday(2026-06-24): [6 AM–2:30 PM], Thursday(2026-06-25): [6 AM–2:30 PM], Friday(2026-06-26): [6 AM–2:30 PM], Saturday(2026-06-27): [Closed], Sunday(2026-06-28): [Closed], Monday(2026-06-29): [6 AM–2:30 PM], Tuesday(2026-06-30): [6 AM–2:30 PM]",https://www.google.com/search?kgmid=/g/11n97w0fxl,/g/11n97w0fxl,https://www.google.com/maps?cid=13923648374330624921,ChIJqfUeUoVJzDERmQtsAW28OsE,,,,,,,,Restaurants in Kuala Lumpur
Ken-Chan Curry | NU Sentral,"Level 3 lot 14, Quizinn Foodcourt, NU Sentral Mall, 201, Jalan Tun Sambanthan, Brickfields, 50470 Kuala Lumpur, Wilayah Persekutuan Kuala Lumpur, Malaysia","Level 3 lot 14, Quizinn Foodcourt, NU Sentral Mall","201, Jalan Tun Sambanthan",Japanese curry restaurant,"Service options: [Onsite services, Takeout, Dine-in], Popular for: [Lunch, Dinner, Solo dining], Offerings: [Quick bite, Small plates], Dining options: [Lunch, Dinner, Counter service], Atmosphere: [Casual], Payments: [Credit cards, Debit cards, NFC mobile payments], Children: [Good for kids]",+60 14-329 9554,"014-329 9554, +60 14-329 9554",YES,Ken-Chan Curry | NU Sentral (Owner),112182308012011182023,https://www.google.com/maps/contrib/112182308012011182023,325,4.6,https://search.google.com/local/reviews?placeid=ChIJZ4T0odlJzDERIyUTSMl2_XE&authuser=0&hl=en&gl=US,8213851902263371043,0x31cc49d9a1f48467:0x71fd76c948132523,3.1336941,101.68758969999999,Asia/Kuala_Lumpur,www.sunsancurry33.com.my/,sunsancurry33.com.my,"Wednesday(2026-06-24): [10 AM–10 PM], Thursday(2026-06-25): [10 AM–10 PM], Friday(2026-06-26): [10 AM–10 PM], Saturday(2026-06-27): [10 AM–10 PM], Sunday(2026-06-28): [10 AM–10 PM], Monday(2026-06-29): [10 AM–10 PM], Tuesday(2026-06-30): [10 AM–10 PM]",https://www.google.com/search?kgmid=/g/11jgwkpxlr,/g/11jgwkpxlr,https://www.google.com/maps?cid=8213851902263371043,ChIJZ4T0odlJzDERIyUTSMl2_XE,,,,,,,,Restaurants in Kuala Lumpur
Pu Xian Wei Restaurant,"19-21, Jalan Thambypillai, Brickfields, 50470 Brickfields, Wilayah Persekutuan, 46300 Kuala Lumpur, Selangor, Malaysia","19-21, Jalan Thambypillai, Brickfields, 50470 Brickfields, Wilayah Persekutuan",46300 Kuala Lumpur,Chinese restaurant,"Service options: [Onsite services, Takeout, Dine-in], Popular for: [Lunch, Dinner, Solo dining], Offerings: [Alcohol, Beer, Healthy options, Quick bite, Small plates, Vegetarian options], Dining options: [Brunch, Lunch, Dinner, Table service], Amenities: [Restroom], Atmosphere: [Casual], Crowd: [Good for groups], Children: [Good for kids]",+60 3-2276 5128,"03-2276 5128, +60 3-2276 5128",YES,Pu Xian Wei Restaurant (Owner),105820989902454692660,https://www.google.com/maps/contrib/105820989902454692660,330,3.8,https://search.google.com/local/reviews?placeid=ChIJrVBR6MFJzDERDr5cOLkU7k8&authuser=0&hl=en&gl=US,5759563759200550414,0x31cc49c1e85150ad:0x4fee14b9385cbe0e,3.1326769,101.6884979,Asia/Kuala_Lumpur,,,"Wednesday(2026-06-24): [6:30 AM–8:30 PM], Thursday(2026-06-25): [6:30 AM–8:30 PM], Friday(2026-06-26): [6:30 AM–8:30 PM], Saturday(2026-06-27): [6:30 AM–8:30 PM], Sunday(2026-06-28): [Closed], Monday(2026-06-29): [6:30 AM–8:30 PM], Tuesday(2026-06-30): [6:30 AM–8:30 PM]",https://www.google.com/search?kgmid=/g/11c1r2n6vv,/g/11c1r2n6vv,https://www.google.com/maps?cid=5759563759200550414,ChIJrVBR6MFJzDERDr5cOLkU7k8,,,,,,,,Restaurants in Kuala Lumpur
Restoran Jaya,"51, Jalan Thambipillai, Off, Jalan Tun Sambanthan, Brickfields, 50470 Kuala Lumpur, Federal Territory of Kuala Lumpur, Malaysia","51, Jalan Thambipillai","Off, Jalan Tun Sambanthan",South Indian restaurant,"Service options: [Delivery, Onsite services, Takeout, Dine-in], Highlights: [Great tea selection], Popular for: [Breakfast, Lunch, Dinner, Solo dining], Offerings: [All you can eat, Coffee, Quick bite, Small plates, Vegetarian options], Dining options: [Breakfast, Brunch, Lunch, Dinner, Counter service, Table service], Amenities: [Restroom], Atmosphere: [Casual], Crowd: [College students, Good for groups, Tourists], Payments: [Credit cards, Debit cards, NFC mobile payments, ], Children: [Good for kids], Parking: [Free street parking, Paid street parking, ]",+60 3-2274 1070,"03-2274 1070, +60 3-2274 1070",YES,Restoran Jaya (Owner),103318526137085585156,https://www.google.com/maps/contrib/103318526137085585156,408,3.6,https://search.google.com/local/reviews?placeid=ChIJb4rtfOpJzDERiCxKlg38EHo&authuser=0&hl=en&gl=US,8795807207540796552,0x31cc49ea7ced8a6f:0x7a10fc0d964a2c88,3.131901,101.68761409999999,Asia/Kuala_Lumpur,,,"Wednesday(2026-06-24): [7 AM–10:30 PM], Thursday(2026-06-25): [7 AM–10:30 PM], Friday(2026-06-26): [7 AM–10:30 PM], Saturday(2026-06-27): [7 AM–10:30 PM], Sunday(2026-06-28): [7 AM–10:30 PM], Monday(2026-06-29): [7 AM–10:30 PM], Tuesday(2026-06-30): [7 AM–10:30 PM]",https://www.google.com/search?kgmid=/g/11c1wsqyw1,/g/11c1wsqyw1,https://www.google.com/maps?cid=8795807207540796552,ChIJb4rtfOpJzDERiCxKlg38EHo,,,,,,,,Restaurants in Kuala Lumpur
Treasure Island Restaurant,"86, Jln Pudu, Pudu, 55100 Kuala Lumpur, Wilayah Persekutuan Kuala Lumpur, Malaysia","86, Jln Pudu",Pudu,Asian restaurant;Western restaurant,"Service options: [Delivery, Takeout, Dine-in], Popular for: [Lunch, Dinner, Solo dining], Offerings: [Coffee, Small plates], Dining options: [Brunch, Lunch, Dinner, Dessert, Table service], Atmosphere: [Casual], Crowd: [Good for groups], Planning: [Accepts reservations], Payments: [Credit cards, Debit cards, NFC mobile payments], Children: [Good for kids]",+60 3-2070 6266,"03-2070 6266, +60 3-2070 6266",YES,Treasure Island Restaurant (Owner),116965137913969399077,https://www.google.com/maps/contrib/116965137913969399077,47,3.3,https://search.google.com/local/reviews?placeid=ChIJQ_WbmWZJzDERmTDBU9zI70c&authuser=0&hl=en&gl=US,5183582544750260377,0x31cc4966999bf543:0x47efc8dc53c13099,3.1456361,101.70299159999999,Asia/Kuala_Lumpur,www.facebook.com/restorantreasureisland,facebook.com,"Wednesday(2026-06-24): [7 AM–11 PM], Thursday(2026-06-25): [7 AM–11 PM], Friday(2026-06-26): [7 AM–11 PM], Saturday(2026-06-27): [7 AM–11 PM], Sunday(2026-06-28): [7 AM–11 PM], Monday(2026-06-29): [7 AM–11 PM], Tuesday(2026-06-30): [7 AM–11 PM]",https://www.google.com/search?kgmid=/g/11j8pntd_6,/g/11j8pntd_6,https://www.google.com/maps?cid=5183582544750260377,ChIJQ_WbmWZJzDERmTDBU9zI70c,,,,,,,,Restaurants in Kuala Lumpur
Hing Kee Bakuteh Main Branch 甲洞大街 兴记肉骨茶 总行,"121, Jln Kepong, Metro Prima, 52100 Kuala Lumpur, Wilayah Persekutuan Kuala Lumpur, Malaysia","121, Jln Kepong",Metro Prima,Chinese restaurant;Meat dish restaurant,"Service options: [Outdoor seating, Delivery, Onsite services, Takeout, Dine-in], Popular for: [Lunch, Dinner, Solo dining], Accessibility: [Wheelchair accessible seating, No wheelchair accessible entrance, No wheelchair accessible parking lot], Offerings: [Alcohol, Beer, Late-night food, Small plates], Dining options: [Lunch, Dinner, Seating, Table service], Amenities: [Restroom], Atmosphere: [Casual, Trendy], Crowd: [Family-friendly, Good for groups, Tourists], Planning: [Accepts reservations], Payments: [Debit cards], Children: [Good for kids, High chairs], Parking: [Free parking lot, Free street parking, Paid parking lot, Paid street parking, ], Pets: [Dogs allowed outside]",+60 12-523 3599,"012-523 3599, +60 12-523 3599",YES,Hing Kee Bakuteh Main Branch 甲洞大街 兴记肉骨茶 总行 (Owner),102012737626466156639,https://www.google.com/maps/contrib/102012737626466156639,2273,4.1,https://search.google.com/local/reviews?placeid=ChIJeUy6YWpGzDERJuS-ujQp-rQ&authuser=0&hl=en&gl=US,13040780977452803110,0x31cc466a61ba4c79:0xb4fa2934babee426,3.2139058,101.63741449999999,Asia/Kuala_Lumpur,,,"Wednesday(2026-06-24): [3 PM–2:30 AM], Thursday(2026-06-25): [3 PM–2:30 AM], Friday(2026-06-26): [3 PM–2:30 AM], Saturday(2026-06-27): [3 PM–2:30 AM], Sunday(2026-06-28): [3 PM–2:30 AM], Monday(2026-06-29): [Closed], Tuesday(2026-06-30): [3 PM–2:30 AM]",https://www.google.com/search?kgmid=/g/1tcy1tfr,/g/1tcy1tfr,https://www.google.com/maps?cid=13040780977452803110,ChIJeUy6YWpGzDERJuS-ujQp-rQ,,,,,,,,Restaurants in Kuala Lumpur
Neu Xinmin Vegetarian (Neu) Restaurant,"23A, Jalan Thambipillai, Off, Jalan Tun Sambanthan, Brickfields, 50470 Kuala Lumpur, Federal Territory of Kuala Lumpur, Malaysia","23A, Jalan Thambipillai","Off, Jalan Tun Sambanthan",Vegetarian restaurant,"Service options: [Takeout, Dine-in], Popular for: [Lunch, Dinner, Solo dining], Offerings: [Alcohol, Beer, Healthy options, Small plates, Vegan options, Vegetarian options], Dining options: [Brunch, Lunch, Dinner, Dessert, Table service], Amenities: [Restroom], Atmosphere: [Casual], Crowd: [Good for groups], Planning: [Accepts reservations], Payments: [], Children: [Good for kids], Parking: [Paid street parking, ]",+60 17-265 3793,"017-265 3793, +60 17-265 3793",YES,Neu Xinmin Vegetarian (Neu) Restaurant (Owner),112008549727616566187,https://www.google.com/maps/contrib/112008549727616566187,131,4.6,https://search.google.com/local/reviews?placeid=ChIJRd8VZddJzDER1qsO0qwJV7A&authuser=0&hl=en&gl=US,12706635511512345558,0x31cc49d76515df45:0xb05709acd20eabd6,3.1326476,101.68839369999999,Asia/Kuala_Lumpur,,,"Wednesday(2026-06-24): [11 AM–3 PM, 6–10 PM], Thursday(2026-06-25): [11 AM–3 PM, 6–10 PM], Friday(2026-06-26): [11 AM–3 PM, 6–10 PM], Saturday(2026-06-27): [11 AM–3 PM, 6–10 PM], Sunday(2026-06-28): [11 AM–3 PM, 6–10 PM], Monday(2026-06-29): [11 AM–3 PM, 6–10 PM], Tuesday(2026-06-30): [11 AM–3 PM, 6–10 PM]",https://www.google.com/search?kgmid=/g/11rq22vwph,/g/11rq22vwph,https://www.google.com/maps?cid=12706635511512345558,ChIJRd8VZddJzDER1qsO0qwJV7A,,,,,,,,Restaurants in Kuala Lumpur
Chakla Belan - Vegetarian and Jain Meal,"P5, Suasana Sentral Condominium, Kuala Lumpur Sentral, 50470 Kuala Lumpur, Wilayah Persekutuan Kuala Lumpur, Malaysia","P5, Suasana Sentral Condominium",Kuala Lumpur Sentral,Takeout Restaurant,"From the business: [Identifies as women-owned], Service options: [Takeout, No delivery], Popular for: [Lunch], Offerings: [Quick bite, Small plates, Vegetarian options], Dining options: [Lunch], Atmosphere: [Casual], Planning: [Reservations required, Accepts reservations], Children: [Good for kids]",+60 10-272 9950,"010-272 9950, +60 10-272 9950",YES,Chakla Belan - Vegetarian and Jain Meal (Owner),114810615227927533110,https://www.google.com/maps/contrib/114810615227927533110,17,4.6,https://search.google.com/local/reviews?placeid=ChIJw6VMzZxJzDERcGSVDvZ6mR0&authuser=0&hl=en&gl=US,2132871095761855600,0x31cc499ccd4ca5c3:0x1d997af60e956470,3.131788,101.68454779999999,Asia/Kuala_Lumpur,,,"Wednesday(2026-06-24): [9 AM–7:30 PM], Thursday(2026-06-25): [9 AM–7:30 PM], Friday(2026-06-26): [9 AM–7:30 PM], Saturday(2026-06-27): [9 AM–7:30 PM], Sunday(2026-06-28): [9 AM–7:30 PM], Monday(2026-06-29): [9 AM–7:30 PM], Tuesday(2026-06-30): [9 AM–7:30 PM]",https://www.google.com/search?kgmid=/g/11kpdb1yv3,/g/11kpdb1yv3,https://www.google.com/maps?cid=2132871095761855600,ChIJw6VMzZxJzDERcGSVDvZ6mR0,,,,,,,,Restaurants in Kuala Lumpur
Annapuurnam Chetinad Restaurant,"74, Lrg Maarof, Bangsar, 59000 Kuala Lumpur, Wilayah Persekutuan Kuala Lumpur, Malaysia","74, Lrg Maarof",Bangsar,South Indian restaurant;Breakfast restaurant;Indian restaurant,"Service options: [Delivery, Onsite services, Takeout, Dine-in], Highlights: [Great coffee, Great tea selection], Popular for: [Breakfast, Lunch, Dinner, Solo dining], Accessibility: [No wheelchair accessible entrance, No wheelchair accessible parking lot, No wheelchair accessible seating], Offerings: [Coffee, Quick bite, Small plates, Vegetarian options], Dining options: [Breakfast, Brunch, Lunch, Dinner, Counter service, Dessert, Table service], Amenities: [Restroom], Atmosphere: [Casual, Trendy], Crowd: [Good for groups, Tourists], Planning: [Doesn't accept reservations], Payments: [Credit cards, Debit cards, NFC mobile payments, ], Children: [Good for kids], Parking: [Free parking lot, Free street parking, Paid parking lot, Paid street parking]",+60 11-2323 7492,"011-2323 7492, +60 11-2323 7492",YES,Annapuurnam Chetinad Restaurant (Owner),116061936779927407110,https://www.google.com/maps/contrib/116061936779927407110,1248,3.9,https://search.google.com/local/reviews?placeid=ChIJNZup_pdJzDERH_Zc_VRkYy8&authuser=0&hl=en&gl=US,3414683258667726367,0x31cc4997fea99b35:0x2f636454fd5cf61f,3.1317511,101.6730645,Asia/Kuala_Lumpur,www.facebook.com/pages/Annapuurnam-Chetinad-Restaurant/391849507576108,facebook.com,"Wednesday(2026-06-24): [7 AM–9:30 PM], Thursday(2026-06-25): [7 AM–9:30 PM], Friday(2026-06-26): [7 AM–9:30 PM], Saturday(2026-06-27): [7 AM–9:30 PM], Sunday(2026-06-28): [7 AM–9:30 PM], Monday(2026-06-29): [7 AM–9:30 PM], Tuesday(2026-06-30): [7 AM–9:30 PM]",https://www.google.com/search?kgmid=/g/11bzv5n7fs,/g/11bzv5n7fs,https://www.google.com/maps?cid=3414683258667726367,ChIJNZup_pdJzDERH_Zc_VRkYy8,,,,,,,,Restaurants in Kuala Lumpur
Seni Sattisorru Indian Restaurant,"113, Jalan Thamby Abdullah, Brickfields, 50470 Kuala Lumpur, Wilayah Persekutuan Kuala Lumpur, Malaysia","113, Jalan Thamby Abdullah",Brickfields,Indian restaurant,"Service options: [Delivery, Takeout, Dine-in], Highlights: [Great tea selection], Popular for: [Lunch, Dinner, Solo dining], Accessibility: [Wheelchair accessible seating, No wheelchair accessible parking lot], Offerings: [All you can eat, Coffee, Happy hour food, Private dining room, Small plates, Vegetarian options], Dining options: [Brunch, Lunch, Dinner, Seating, Table service], Amenities: [Restroom], Atmosphere: [Casual, Trendy], Crowd: [Family-friendly, Good for groups, Tourists], Planning: [Lunch reservations recommended, Accepts reservations], Payments: [Credit cards, Debit cards, NFC mobile payments, ], Children: [Good for kids, Has changing table(s), High chairs, Kids' menu], Parking: [Free street parking, On-site parking, ]",+60 16-900 9939,"016-900 9939, +60 16-900 9939",YES,Seni Sattisorru Indian Restaurant (Owner),109064230234326452497,https://www.google.com/maps/contrib/109064230234326452497,348,4.3,https://search.google.com/local/reviews?placeid=ChIJHYZit0tJzDERVIRGafpr4rE&authuser=0&hl=en&gl=US,12817926212702078036,0x31cc494bb762861d:0xb1e26bfa69468454,3.1282756999999997,101.6812265,Asia/Kuala_Lumpur,,,"Wednesday(2026-06-24): [11:30 AM–10:15 PM], Thursday(2026-06-25): [11:30 AM–10:15 PM], Friday(2026-06-26): [11:30 AM–10:15 PM], Saturday(2026-06-27): [11:30 AM–10:30 PM], Sunday(2026-06-28): [11:30 AM–10:30 PM], Monday(2026-06-29): [11:30 AM–10:15 PM], Tuesday(2026-06-30): [Closed]",https://www.google.com/search?kgmid=/g/11r1jk701j,/g/11r1jk701j,https://www.google.com/maps?cid=12817926212702078036,ChIJHYZit0tJzDERVIRGafpr4rE,,,,,,,,Restaurants in Kuala Lumpur
Homie Recipe,"LG 18 Nu Sentral, 5, Jalan Stesen Sentral 5, Brickfields, 50470 Kuala Lumpur, Malaysia",LG 18 Nu Sentral,"5, Jalan Stesen Sentral 5",Restaurant,"Service options: [Delivery, Onsite services, Takeout, Dine-in], Popular for: [Lunch, Dinner, Solo dining], Offerings: [Halal food, Healthy options, Quick bite, Vegetarian options], Dining options: [Breakfast, Brunch, Lunch, Dinner, Table service], Atmosphere: [Casual], Crowd: [Good for groups], Planning: [Doesn't accept reservations], Payments: [Credit cards, Debit cards, NFC mobile payments, ], Children: [Good for kids], Parking: [Paid parking lot, ]",+60 3-2276 3700,"03-2276 3700, +60 3-2276 3700",NO,Homie Recipe (Owner),,,353,3.9,https://search.google.com/local/reviews?placeid=ChIJVygouMFJzDERyZOIykcUT5w&authuser=0&hl=en&gl=US,11263243491650081737,0x31cc49c1b8282857:0x9c4f1447ca8893c9,3.1335865,101.68780339999999,Asia/Kuala_Lumpur,,,"Wednesday(2026-06-24): [8 AM–9:30 PM], Thursday(2026-06-25): [8 AM–9:30 PM], Friday(2026-06-26): [8 AM–9:30 PM], Saturday(2026-06-27): [8 AM–9:30 PM], Sunday(2026-06-28): [8 AM–9:30 PM], Monday(2026-06-29): [8 AM–9:30 PM], Tuesday(2026-06-30): [8 AM–9:30 PM]",https://www.google.com/search?kgmid=/g/11ckqrnc9z,/g/11ckqrnc9z,https://www.google.com/maps?cid=11263243491650081737,ChIJVygouMFJzDERyZOIykcUT5w,,,,,,,,Restaurants in Kuala Lumpur
Seni SattiSorru,"Tun Sambanthan Complex, Jalan Tun Sambanthan, Brickfields, 50470 Kuala Lumpur, Federal Territory of Kuala Lumpur, Malaysia",Tun Sambanthan Complex,Jalan Tun Sambanthan,Indian restaurant;Rice restaurant,"Service options: [Outdoor seating, Delivery, Onsite services, Takeout, Dine-in], Highlights: [Great tea selection], Popular for: [Lunch, Dinner, Solo dining], Accessibility: [Wheelchair accessible entrance, Wheelchair accessible restroom, Wheelchair accessible seating], Offerings: [Alcohol, All you can eat, Beer, Cocktails, Coffee, Quick bite, Small plates, Vegetarian options, Wine], Dining options: [Brunch, Lunch, Dinner, Catering, Counter service, Dessert, Seating, Table service], Amenities: [Restroom], Atmosphere: [Casual, Cozy, Trendy], Crowd: [Family-friendly, Good for groups, Tourists], Planning: [Accepts reservations], Payments: [Credit cards, Debit cards, NFC mobile payments, ], Children: [Good for kids], Parking: [Free street parking, Paid parking lot, Paid street parking]",+60 16-900 9939,"016-900 9939, +60 16-900 9939",YES,Seni SattiSorru (Owner),102200225812702945985,https://www.google.com/maps/contrib/102200225812702945985,1723,4.2,https://search.google.com/local/reviews?placeid=ChIJoQHtX5NJzDER9PG1kqkVCcs&authuser=0&hl=en&gl=US,14630248682544820724,0x31cc49935fed01a1:0xcb0915a992b5f1f4,3.1270488,101.6826681,Asia/Kuala_Lumpur,www.facebook.com/senisattisorru/,facebook.com,"Wednesday(2026-06-24): [11:30 AM–11 PM], Thursday(2026-06-25): [11:30 AM–11 PM], Friday(2026-06-26): [11:30 AM–11 PM], Saturday(2026-06-27): [11:30 AM–11 PM], Sunday(2026-06-28): [11:30 AM–11 PM], Monday(2026-06-29): [11:30 AM–11 PM], Tuesday(2026-06-30): [11:30 AM–11 PM]",https://www.google.com/search?kgmid=/g/11ggrl_ng2,/g/11ggrl_ng2,https://www.google.com/maps?cid=14630248682544820724,ChIJoQHtX5NJzDER9PG1kqkVCcs,,,,,,,,Restaurants in Kuala Lumpur
Peter's Pork Noodle | Money's Corner,"144, Jalan Vivekananda, Brickfields, 50470 Kuala Lumpur, Wilayah Persekutuan Kuala Lumpur, Malaysia","144, Jalan Vivekananda",Brickfields,Chinese noodle restaurant,"Service options: [Onsite services, Takeout, Dine-in], Popular for: [Breakfast, Lunch, Solo dining], Accessibility: [No wheelchair accessible entrance, No wheelchair accessible parking lot, No wheelchair accessible seating], Offerings: [Coffee, Quick bite, Small plates], Dining options: [Breakfast, Brunch, Lunch], Amenities: [Restroom], Atmosphere: [Casual], Crowd: [College students, Good for groups], Planning: [Usually a wait, Doesn't accept reservations], Payments: [Cash-only], Children: [Good for kids], Parking: [Paid parking lot, Paid street parking]",+60 13-336 3953,"013-336 3953, +60 13-336 3953",NO,Peter's Pork Noodle | Money's Corner (Owner),,,892,4.1,https://search.google.com/local/reviews?placeid=ChIJL4pKj-pJzDER7u6NhyrUch8&authuser=0&hl=en&gl=US,2266106841648721646,0x31cc49ea8f4a8a2f:0x1f72d42a878deeee,3.1311896,101.6866301,Asia/Kuala_Lumpur,www.facebook.com/Peter-Pork-Noodles-417579148430223/,facebook.com,"Wednesday(2026-06-24): [7:30 AM–3:30 PM], Thursday(2026-06-25): [7:30 AM–3:30 PM], Friday(2026-06-26): [7:30 AM–3:30 PM], Saturday(2026-06-27): [7:30 AM–3:30 PM], Sunday(2026-06-28): [7:30 AM–3:30 PM], Monday(2026-06-29): [Closed], Tuesday(2026-06-30): [7:30 AM–3:30 PM]",https://www.google.com/search?kgmid=/g/12qh4d5d2,/g/12qh4d5d2,https://www.google.com/maps?cid=2266106841648721646,ChIJL4pKj-pJzDER7u6NhyrUch8,,,,,,,,Restaurants in Kuala Lumpur
Baba Low • Bangsar Utama • Jln Abdullah,"2, Jalan Abdullah, Bangsar, 59000 Kuala Lumpur, Wilayah Persekutuan Kuala Lumpur, Malaysia","2, Jalan Abdullah",Bangsar,Nyonya restaurant,"Service options: [Outdoor seating, Onsite services, Takeout, Dine-in], Highlights: [Great dessert], Popular for: [Breakfast, Lunch, Dinner, Solo dining], Accessibility: [No wheelchair accessible entrance, No wheelchair accessible parking lot, No wheelchair accessible seating], Offerings: [Coffee, Quick bite, Small plates, Vegetarian options], Dining options: [Breakfast, Brunch, Lunch, Dinner, Counter service, Dessert, Seating, Table service], Amenities: [Gender-neutral restroom, Restroom, Wi-Fi, ], Atmosphere: [Casual, Cozy, Trendy], Crowd: [Family-friendly, Good for groups], Planning: [Accepts reservations], Payments: [Cash-only], Children: [Good for kids, High chairs], Parking: [Free parking lot, Free street parking, Paid parking lot, Paid street parking, ]",+60 3-2201 4788,"03-2201 4788, +60 3-2201 4788",YES,Baba Low • Bangsar Utama • Jln Abdullah (Owner),109398037671424455788,https://www.google.com/maps/contrib/109398037671424455788,1091,3.8,https://search.google.com/local/reviews?placeid=ChIJ-0tYt5VJzDERt0itGNSKIcQ&authuser=0&hl=en&gl=US,14132729749217036471,0x31cc4995b7584bfb:0xc4218ad418ad48b7,3.1301372,101.6802046,Asia/Kuala_Lumpur,,,"Wednesday(2026-06-24): [7 AM–10 PM], Thursday(2026-06-25): [7 AM–10 PM], Friday(2026-06-26): [7 AM–10 PM], Saturday(2026-06-27): [7 AM–10 PM], Sunday(2026-06-28): [7 AM–10 PM], Monday(2026-06-29): [7 AM–10 PM], Tuesday(2026-06-30): [7 AM–10 PM]",https://www.google.com/search?kgmid=/g/1tdcp0qt,/g/1tdcp0qt,https://www.google.com/maps?cid=14132729749217036471,ChIJ-0tYt5VJzDERt0itGNSKIcQ,,,,,,,,Restaurants in Kuala Lumpur
Sri Kortumalai Pillayar Restaurant,"215, Jalan Tun Sambanthan, Brickfields, 50470 Kuala Lumpur, Wilayah Persekutuan Kuala Lumpur, Malaysia","215, Jalan Tun Sambanthan",Brickfields,South Indian restaurant;Restaurant,"Service options: [Outdoor seating, Onsite services, Takeout, Dine-in], Highlights: [Great coffee, Great dessert, Great tea selection], Popular for: [Breakfast, Lunch, Dinner, Solo dining], Accessibility: [No wheelchair accessible parking lot], Offerings: [Alcohol, Beer, Coffee, Late-night food, Quick bite, Small plates, Vegetarian options], Dining options: [Breakfast, Brunch, Lunch, Dinner, Counter service, Dessert, Seating, Table service], Amenities: [Restroom], Atmosphere: [Casual], Crowd: [Good for groups, Tourists], Planning: [Doesn't accept reservations], Payments: [Debit cards, NFC mobile payments], Children: [Good for kids], Parking: [Free parking lot, Free street parking, Paid parking lot, Paid street parking, ]",,,NO,Sri Kortumalai Pillayar Restaurant (Owner),,,638,3.6,https://search.google.com/local/reviews?placeid=ChIJf9gh1ZRJzDER4Z0V0eefkgY&authuser=0&hl=en&gl=US,473616728821439969,0x31cc4994d521d87f:0x6929fe7d1159de1,3.1295633,101.68399079999999,Asia/Kuala_Lumpur,,,"Wednesday(2026-06-24): [6:30 AM–11 PM], Thursday(2026-06-25): [6:30 AM–11 PM], Friday(2026-06-26): [6:30 AM–11 PM], Saturday(2026-06-27): [6:30 AM–11 PM], Sunday(2026-06-28): [6:30 AM–11 PM], Monday(2026-06-29): [6:30 AM–11 PM], Tuesday(2026-06-30): [6:30 AM–11 PM]",https://www.google.com/search?kgmid=/g/1hc6824qm,/g/1hc6824qm,https://www.google.com/maps?cid=473616728821439969,ChIJf9gh1ZRJzDER4Z0V0eefkgY,,,,,,,,Restaurants in Kuala Lumpur
"Original Penang Kayu Nasi Kandar - NU Sentral Mall, KL Sentral","Unit LG. 30 & 31, NU Sentral Mall, 201, Jalan Tun Sambanthan, Brickfields, 50470 Kuala Lumpur, Wilayah Persekutuan Kuala Lumpur, Malaysia","Unit LG. 30 & 31, NU Sentral Mall","201, Jalan Tun Sambanthan",Indian Muslim restaurant,"Service options: [Outdoor seating, Delivery, Onsite services, Takeout, Dine-in], Highlights: [Great tea selection], Popular for: [Breakfast, Lunch, Dinner, Solo dining], Accessibility: [Wheelchair accessible entrance, Wheelchair accessible parking lot, Wheelchair accessible seating], Offerings: [Coffee, Late-night food, Quick bite, Small plates, Vegetarian options], Dining options: [Breakfast, Brunch, Lunch, Dinner, Counter service, Dessert, Seating, Table service], Atmosphere: [Casual, Trendy], Crowd: [Good for groups], Planning: [Doesn't accept reservations], Payments: [Credit cards, Debit cards, NFC mobile payments, ], Children: [Good for kids], Parking: [Paid parking lot, Valet parking]",+60 3-2381 6969,"03-2381 6969, +60 3-2381 6969",NO,"Original Penang Kayu Nasi Kandar - NU Sentral Mall, KL Sentral (Owner)",,,808,3.2,https://search.google.com/local/reviews?placeid=ChIJ5xoPkh9JzDERGmgUlZw5bIg&authuser=0&hl=en&gl=US,9830295431321774106,0x31cc491f920f1ae7:0x886c399c9514681a,3.1331029,101.687418,Asia/Kuala_Lumpur,www.originalkayu.com.my/,originalkayu.com.my,"Wednesday(2026-06-24): [7 AM–10 PM], Thursday(2026-06-25): [7 AM–10 PM], Friday(2026-06-26): [7 AM–10 PM], Saturday(2026-06-27): [7 AM–10 PM], Sunday(2026-06-28): [7 AM–10 PM], Monday(2026-06-29): [7 AM–10 PM], Tuesday(2026-06-30): [7 AM–10 PM]",https://www.google.com/search?kgmid=/g/11fhr7v8h8,/g/11fhr7v8h8,https://www.google.com/maps?cid=9830295431321774106,ChIJ5xoPkh9JzDERGmgUlZw5bIg,,,,,,,,Restaurants in Kuala Lumpur
Vishal Food & Catering,"22, Jalan Scott, Brickfields, 50470 Kuala Lumpur, Wilayah Persekutuan Kuala Lumpur, Malaysia","22, Jalan Scott",Brickfields,South Indian restaurant;Indian restaurant,"Service options: [Delivery, Onsite services, Takeout, Dine-in], Highlights: [Great coffee, Great tea selection], Popular for: [Breakfast, Lunch, Dinner, Solo dining], Accessibility: [No wheelchair accessible parking lot, No wheelchair accessible seating], Offerings: [Coffee, Quick bite, Small plates, Vegetarian options], Dining options: [Breakfast, Brunch, Lunch, Dinner, Catering, Counter service, Dessert, Table service], Amenities: [Restroom], Atmosphere: [Casual, Trendy], Crowd: [Good for groups, Tourists], Planning: [Doesn't accept reservations], Payments: [Cash-only], Children: [Good for kids], Parking: [Paid parking lot, Paid street parking]",+60 3-2274 1995,"03-2274 1995, +60 3-2274 1995",NO,Vishal Food & Catering (Owner),,,2113,3.8,https://search.google.com/local/reviews?placeid=ChIJm8pjmMNJzDERi8jxD9njBkc&authuser=0&hl=en&gl=US,5118028547968059531,0x31cc49c39863ca9b:0x4706e3d90ff1c88b,3.1351925,101.6920414,Asia/Kuala_Lumpur,,,"Wednesday(2026-06-24): [8 AM–10 PM], Thursday(2026-06-25): [8 AM–10 PM], Friday(2026-06-26): [8 AM–10 PM], Saturday(2026-06-27): [8 AM–10 PM], Sunday(2026-06-28): [8 AM–10 PM], Monday(2026-06-29): [8 AM–10 PM], Tuesday(2026-06-30): [8 AM–10 PM]",https://www.google.com/search?kgmid=/g/1v1v9pv5,/g/1v1v9pv5,https://www.google.com/maps?cid=5118028547968059531,ChIJm8pjmMNJzDERi8jxD9njBkc,,,,,,,,Restaurants in Kuala Lumpur
Macha Cuisine (KL Sentral),"LG1 ,Block, Food Court, Gerai No 7, 3B, Jalan Stesen Sentral 5, 50470 Wilayah Persekutuan, Wilayah Persekutuan Kuala Lumpur, Malaysia","LG1 ,Block, Food Court",Gerai No 7,Indian restaurant,"Service options: [Delivery, Takeout, Dine-in], Popular for: [Lunch, Dinner, Solo dining], Offerings: [Quick bite, Small plates], Dining options: [Lunch, Dinner], Atmosphere: [Casual], Crowd: [Good for groups], Payments: [Credit cards, Debit cards, NFC mobile payments], Children: [Good for kids]",+60 11-2424 1582,"011-2424 1582, +60 11-2424 1582",YES,Macha Cuisine (KL Sentral) (Owner),103642115627497170184,https://www.google.com/maps/contrib/103642115627497170184,4,3.8,https://search.google.com/local/reviews?placeid=ChIJnfUeoKdJzDERH60ZvZJ03Oc&authuser=0&hl=en&gl=US,16707356891224321311,0x31cc49a7a01ef59d:0xe7dc7492bd19ad1f,3.1325054,101.6844694,Asia/Kuala_Lumpur,,,"Wednesday(2026-06-24): [8 AM–11 PM], Thursday(2026-06-25): [8 AM–11 PM], Friday(2026-06-26): [8 AM–11 PM], Saturday(2026-06-27): [8 AM–11 PM], Sunday(2026-06-28): [8 AM–11 PM], Monday(2026-06-29): [8 AM–11 PM], Tuesday(2026-06-30): [8 AM–11 PM]",https://www.google.com/search?kgmid=/g/11ltfsb3nm,/g/11ltfsb3nm,https://www.google.com/maps?cid=16707356891224321311,ChIJnfUeoKdJzDERH60ZvZJ03Oc,,,,,,,,Restaurants in Kuala Lumpur
Phở 99,"144a, Jalan Vivekananda, Brickfields, 50470 Kuala Lumpur, Wilayah Persekutuan Kuala Lumpur, Malaysia","144a, Jalan Vivekananda",Brickfields,Vietnamese restaurant,"Service options: [Takeout, Dine-in], Popular for: [Breakfast, Lunch, Dinner, Solo dining], Offerings: [Quick bite, Small plates], Dining options: [Breakfast, Brunch, Lunch, Dinner, Table service], Atmosphere: [Casual], Crowd: [Good for groups], Children: [Good for kids]",,,NO,Phở 99 (Owner),,,28,4.5,https://search.google.com/local/reviews?placeid=ChIJ3UIBeUJJzDERP7RlF1ZOmiw&authuser=0&hl=en&gl=US,3213967415748965439,0x31cc4942790142dd:0x2c9a4e561765b43f,3.1311896,101.6866301,Asia/Kuala_Lumpur,www.facebook.com/100063746208622/about/,facebook.com,"Wednesday(2026-06-24): [6:30 AM–3 PM], Thursday(2026-06-25): [6:30 AM–3 PM], Friday(2026-06-26): [6:30 AM–3 PM], Saturday(2026-06-27): [6:30 AM–3 PM], Sunday(2026-06-28): [Closed], Monday(2026-06-29): [6:30 AM–3 PM], Tuesday(2026-06-30): [6:30 AM–3 PM]",https://www.google.com/search?kgmid=/g/11tslrp28x,/g/11tslrp28x,https://www.google.com/maps?cid=3213967415748965439,ChIJ3UIBeUJJzDERP7RlF1ZOmiw,,,,,,,,Restaurants in Kuala Lumpur
Sami's Corner Brickfields,"Gerai no 126, Di lorong sebelah, Jalan Tun Sambanthan, Brickfields, 50470 Kuala Lumpur, Federal Territory of Kuala Lumpur, Malaysia","Gerai no 126, Di lorong sebelah",Jalan Tun Sambanthan,Indian restaurant,"Service options: [Takeout, Dine-in], Highlights: [Great coffee, Great tea selection], Popular for: [Breakfast, Lunch, Dinner, Solo dining], Accessibility: [No wheelchair accessible seating], Offerings: [Coffee, Quick bite, Small plates], Dining options: [Breakfast, Brunch, Lunch, Dinner, Table service], Amenities: [No restroom], Atmosphere: [Casual], Crowd: [Good for groups], Planning: [Doesn't accept reservations], Children: [Good for kids]",+60 19-380 9402,"019-380 9402, +60 19-380 9402",NO,Sami's Corner Brickfields (Owner),,,74,4,https://search.google.com/local/reviews?placeid=ChIJc98Zh9ZJzDERSVdQ5n4gEI8&authuser=0&hl=en&gl=US,10308775276453058377,0x31cc49d68719df73:0x8f10207ee6505749,3.1323265,101.68744249999999,Asia/Kuala_Lumpur,,,"Wednesday(2026-06-24): [7 AM–12 AM], Thursday(2026-06-25): [7 AM–12 AM], Friday(2026-06-26): [7 AM–12 AM], Saturday(2026-06-27): [7 AM–12 AM], Sunday(2026-06-28): [7 AM–12 AM], Monday(2026-06-29): [7 AM–12 AM], Tuesday(2026-06-30): [7 AM–12 AM]",https://www.google.com/search?kgmid=/g/11gjt96pjy,/g/11gjt96pjy,https://www.google.com/maps?cid=10308775276453058377,ChIJc98Zh9ZJzDERSVdQ5n4gEI8,,,,,,,,Restaurants in Kuala Lumpur
Restaurant Visalatchi's Banana Leaf,"18, Jalan Scott, Brickfields, 50470 Kuala Lumpur, Wilayah Persekutuan Kuala Lumpur, Malaysia","18, Jalan Scott",Brickfields,South Indian restaurant;Indian restaurant,"From the business: [Identifies as women-owned], Service options: [Delivery, Onsite services, Takeout, Dine-in], Highlights: [Great coffee, Great tea selection], Popular for: [Breakfast, Lunch, Dinner, Solo dining], Offerings: [Coffee, Quick bite, Small plates, Vegetarian options], Dining options: [Breakfast, Brunch, Lunch, Dinner, Catering, Counter service, Dessert, Table service], Amenities: [Restroom], Atmosphere: [Casual, Trendy], Crowd: [Good for groups], Planning: [Accepts reservations], Payments: [Credit cards, Debit cards, NFC mobile payments], Children: [Good for kids], Parking: [Free parking lot, Free street parking, Paid parking lot]",+60 17-424 0609,"017-424 0609, +60 17-424 0609",YES,Restaurant Visalatchi's Banana Leaf (Owner),112689762607146716792,https://www.google.com/maps/contrib/112689762607146716792,614,3.5,https://search.google.com/local/reviews?placeid=ChIJg2MYCjtJzDEREJ31_DxbMbw&authuser=0&hl=en&gl=US,13560720270489394448,0x31cc493b0a186383:0xbc315b3cfcf59d10,3.1354070999999997,101.6918795,Asia/Kuala_Lumpur,,,"Wednesday(2026-06-24): [7 AM–10:30 PM], Thursday(2026-06-25): [7 AM–10:30 PM], Friday(2026-06-26): [7 AM–10:30 PM], Saturday(2026-06-27): [7 AM–10:30 PM], Sunday(2026-06-28): [7 AM–10:30 PM], Monday(2026-06-29): [7 AM–10:30 PM], Tuesday(2026-06-30): [7 AM–10:30 PM]",https://www.google.com/search?kgmid=/g/11g07_934n,/g/11g07_934n,https://www.google.com/maps?cid=13560720270489394448,ChIJg2MYCjtJzDEREJ31_DxbMbw,,,,,,,,Restaurants in Kuala Lumpur
Jalan Ipoh Claypot Chicken Rice,"lot 1224, 7, Jalan Batu Ambar, Taman Kok Lian, 51200 Kuala Lumpur, Federal Territory of Kuala Lumpur, Malaysia",lot 1224,"7, Jalan Batu Ambar",Chicken restaurant;Restaurant,"Service options: [Outdoor seating, Delivery, Onsite services, Takeout, Dine-in], Popular for: [Lunch, Dinner, Solo dining], Dining options: [Lunch, Dinner, Seating, Table service], Amenities: [No restroom], Atmosphere: [Casual], Crowd: [Good for groups, Tourists], Planning: [Usually a wait, Doesn't accept reservations], Children: [Good for kids], Parking: [Free parking lot, Free street parking, Paid parking lot, Paid street parking]",+60 12-332 3620,"012-332 3620, +60 12-332 3620",NO,Jalan Ipoh Claypot Chicken Rice (Owner),,,363,4,https://search.google.com/local/reviews?placeid=ChIJj9Grb8VHzDEROofS7kSvjZs&authuser=0&hl=en&gl=US,11208807758194444090,0x31cc47c56fabd18f:0x9b8daf44eed2873a,3.2026111999999998,101.6734524,Asia/Kuala_Lumpur,,,"Wednesday(2026-06-24): [Closed], Thursday(2026-06-25): [10 AM–5 PM], Friday(2026-06-26): [10 AM–5 PM], Saturday(2026-06-27): [10 AM–5 PM], Sunday(2026-06-28): [10 AM–5 PM], Monday(2026-06-29): [10 AM–5 PM], Tuesday(2026-06-30): [10 AM–5 PM]",https://www.google.com/search?kgmid=/g/11b7rxktcv,/g/11b7rxktcv,https://www.google.com/maps?cid=11208807758194444090,ChIJj9Grb8VHzDEROofS7kSvjZs,,,,,,,,Restaurants in Kuala Lumpur
A2B - Adyar Ananda Bhavan Brickfields,"254, Jalan Tun Sambanthan, Brickfields, 50470 Kuala Lumpur, Wilayah Persekutuan Kuala Lumpur, Malaysia","254, Jalan Tun Sambanthan",Brickfields,South Indian restaurant,"Service options: [Onsite services, Takeout, Dine-in], Highlights: [Great coffee, Great dessert, Great tea selection], Popular for: [Breakfast, Lunch, Dinner, Solo dining], Accessibility: [Wheelchair accessible restroom], Offerings: [Coffee, Healthy options, Quick bite, Small plates, Vegetarian options], Dining options: [Breakfast, Brunch, Lunch, Dinner, Counter service, Dessert, Table service], Amenities: [Restroom], Atmosphere: [Casual, Trendy], Crowd: [Family-friendly, Good for groups, Tourists], Planning: [Accepts reservations], Payments: [Credit cards, Debit cards, NFC mobile payments, ], Children: [Good for kids], Parking: [Paid parking lot, Paid street parking, ]",+60 3-2276 3786,"03-2276 3786, +60 3-2276 3786",YES,A2B - Adyar Ananda Bhavan Brickfields (Owner),101412747081498117415,https://www.google.com/maps/contrib/101412747081498117415,966,3.7,https://search.google.com/local/reviews?placeid=ChIJsZj_pgRJzDERiw94soATujw&authuser=0&hl=en&gl=US,4375831431414812555,0x31cc4904a6ff98b1:0x3cba1380b2780f8b,3.1292562999999998,101.6843023,Asia/Kuala_Lumpur,www.aabsweets.my/,aabsweets.my,"Wednesday(2026-06-24): [8 AM–11:30 PM], Thursday(2026-06-25): [8 AM–11:30 PM], Friday(2026-06-26): [8 AM–12:30 AM], Saturday(2026-06-27): [8 AM–12:30 AM], Sunday(2026-06-28): [8 AM–11:30 PM], Monday(2026-06-29): [8 AM–11:30 PM], Tuesday(2026-06-30): [8 AM–11:30 PM]",https://www.google.com/search?kgmid=/g/11fn652kvb,/g/11fn652kvb,https://www.google.com/maps?cid=4375831431414812555,ChIJsZj_pgRJzDERiw94soATujw,,,,,,,,Restaurants in Kuala Lumpur
Money’s corner (sarawak kampua mee),"Jalan Tun Sambanthan, Brickfields, 50470 Kuala Lumpur, Wilayah Persekutuan Kuala Lumpur, Malaysia",Jalan Tun Sambanthan,Brickfields,Restaurant,"Service options: [Takeout, Dine-in], Popular for: [Breakfast, Lunch, Solo dining], Offerings: [Coffee, Quick bite, Small plates], Dining options: [Breakfast, Brunch, Lunch], Atmosphere: [Casual], Crowd: [Good for groups], Children: [Good for kids], Parking: [Paid parking lot, ]",,,NO,Money’s corner (sarawak kampua mee) (Owner),,,10,4.6,https://search.google.com/local/reviews?placeid=ChIJBfR3mbNJzDERSETQeps7NRQ&authuser=0&hl=en&gl=US,1456135593490662472,0x31cc49b39977f405:0x14353b9b7ad04448,3.1311362999999997,101.6866295,Asia/Kuala_Lumpur,,,,https://www.google.com/search?kgmid=/g/11tsh6c29n,/g/11tsh6c29n,https://www.google.com/maps?cid=1456135593490662472,ChIJBfR3mbNJzDERSETQeps7NRQ,,,,,,,,Restaurants in Kuala Lumpur
My Caterer & Restaurant Sdn. Bhd.,"6 & 8, Jalan Berhala, Off Jalan Tun Sambanthan, Brickfields, 50470, Kuala Lumpur, WP Kuala Lumpur, 50470, Malaysia","6 & 8, Jalan Berhala, Off Jalan Tun Sambanthan, Brickfields, 50470, Kuala Lumpur, WP Kuala Lumpur",50470,Indian restaurant,"Service options: [Delivery, Takeout, Dine-in], Popular for: [Lunch, Dinner, Solo dining], Offerings: [Coffee, Quick bite, Small plates], Dining options: [Breakfast, Lunch, Dinner, Catering], Amenities: [Restroom], Atmosphere: [Casual], Crowd: [Good for groups], Payments: [NFC mobile payments], Children: [Good for kids]",+60 3-2260 2187,"03-2260 2187, +60 3-2260 2187",NO,My Caterer & Restaurant Sdn. Bhd. (Owner),,,28,4,https://search.google.com/local/reviews?placeid=ChIJiTUGfepJzDERe9PLqJHWfm8&authuser=0&hl=en&gl=US,8034094706366075771,0x31cc49ea7d063589:0x6f7ed691a8cbd37b,3.1290207,101.6889506,Asia/Kuala_Lumpur,www.minicaterer.my/,minicaterer.my,"Wednesday(2026-06-24): [7 AM–11 PM], Thursday(2026-06-25): [7 AM–11 PM], Friday(2026-06-26): [7 AM–11 PM], Saturday(2026-06-27): [7 AM–11 PM], Sunday(2026-06-28): [7 AM–11 PM], Monday(2026-06-29): [7 AM–11 PM], Tuesday(2026-06-30): [7 AM–11 PM]",https://www.google.com/search?kgmid=/g/1tdzt6qh,/g/1tdzt6qh,https://www.google.com/maps?cid=8034094706366075771,ChIJiTUGfepJzDERe9PLqJHWfm8,,,,,,,,Restaurants in Kuala Lumpur
I Love Yoo! KL Sentral,"UNIT 6A, LEVEL, 1, Jalan Stesen Sentral, Kuala Lumpur Sentral, 50470 Kuala Lumpur, Wilayah Persekutuan Kuala Lumpur, Malaysia","UNIT 6A, LEVEL","1, Jalan Stesen Sentral",Fast food restaurant,"Service options: [No-contact delivery, Delivery, Onsite services, Dine-in], Popular for: [Breakfast, Lunch, Dinner, Solo dining], Accessibility: [Wheelchair accessible entrance], Offerings: [Coffee, Quick bite, Vegetarian options], Dining options: [Breakfast, Lunch, Dinner, Counter service, Dessert, Seating], Atmosphere: [Casual], Crowd: [Family-friendly, Good for groups], Payments: [Credit cards, Debit cards, NFC mobile payments, ], Children: [Good for kids]",+60 3-8959 2999,"03-8959 2999, +60 3-8959 2999",YES,I Love Yoo! KL Sentral (Owner),115451124339306773539,https://www.google.com/maps/contrib/115451124339306773539,127,3.1,https://search.google.com/local/reviews?placeid=ChIJ3VriXv5LzDEROdZh1peZ5Ws&authuser=0&hl=en&gl=US,7774789209140876857,0x31cc4bfe5ee25add:0x6be59997d661d639,3.1350015,101.6862013,Asia/Kuala_Lumpur,www.iloveyoo.com.my/,iloveyoo.com.my,"Wednesday(2026-06-24): [7 AM–9 PM], Thursday(2026-06-25): [7 AM–9 PM], Friday(2026-06-26): [7 AM–9 PM], Saturday(2026-06-27): [7 AM–8:30 PM], Sunday(2026-06-28): [7 AM–8:30 PM], Monday(2026-06-29): [7 AM–9 PM], Tuesday(2026-06-30): [7 AM–9 PM]",https://www.google.com/search?kgmid=/g/11pdzzggx9,/g/11pdzzggx9,https://www.google.com/maps?cid=7774789209140876857,ChIJ3VriXv5LzDEROdZh1peZ5Ws,,,,,,,,Restaurants in Kuala Lumpur
Secubits,"7, Jalan Stesen Sentral 5, Kuala Lumpur Sentral, 50470 Kuala Lumpur, Wilayah Persekutuan Kuala Lumpur, Malaysia","7, Jalan Stesen Sentral 5",Kuala Lumpur Sentral,Restaurant,"Service options: [Outdoor seating, Takeout, Dine-in], Popular for: [Breakfast, Lunch, Dinner, Solo dining], Offerings: [Coffee, Halal food, Quick bite, Small plates], Dining options: [Breakfast, Brunch, Lunch, Dinner, Catering, Seating, Table service], Atmosphere: [Casual], Crowd: [Good for groups], Payments: [NFC mobile payments], Children: [Good for kids]",+60 13-306 1008,"013-306 1008, +60 13-306 1008",NO,Secubits (Owner),,,4,4.5,https://search.google.com/local/reviews?placeid=ChIJ-0OddMBJzDERC_sgSosktWg&authuser=0&hl=en&gl=US,7544976931391863563,0x31cc49c0749d43fb:0x68b5248b4a20fb0b,3.1326164999999997,101.68479549999999,Asia/Kuala_Lumpur,m.facebook.com/secubits/,m.facebook.com,"Wednesday(2026-06-24): [9 AM–5 PM], Thursday(2026-06-25): [9 AM–5 PM], Friday(2026-06-26): [9 AM–5 PM], Saturday(2026-06-27): [Closed], Sunday(2026-06-28): [Closed], Monday(2026-06-29): [9 AM–5 PM], Tuesday(2026-06-30): [9 AM–5 PM]",https://www.google.com/search?kgmid=/g/11dxq59p_b,/g/11dxq59p_b,https://www.google.com/maps?cid=7544976931391863563,ChIJ-0OddMBJzDERC_sgSosktWg,,,,,,,,Restaurants in Kuala Lumpur
Kit Kee Beef Noodle,"69, Jalan 30, Kampung Baru Salak Selatan, 56000 Kuala Lumpur, Wilayah Persekutuan Kuala Lumpur, Malaysia","69, Jalan 30",New Salak South Village,Chinese noodle restaurant;Restaurant,"Service options: [Onsite services, Takeout, Dine-in], Popular for: [Breakfast, Lunch, Solo dining], Accessibility: [No wheelchair accessible entrance, No wheelchair accessible parking lot, No wheelchair accessible seating], Offerings: [Coffee, Quick bite], Dining options: [Breakfast, Brunch, Lunch, Table service], Amenities: [Restroom], Atmosphere: [Casual], Planning: [Doesn't accept reservations], Children: [Good for kids], Parking: [Free street parking, Paid street parking, ]",+60 16-332 7877,"016-332 7877, +60 16-332 7877",NO,Kit Kee Beef Noodle (Owner),,,311,4.2,https://search.google.com/local/reviews?placeid=ChIJuyV7EnRKzDERftB6QrhpPdk&authuser=0&hl=en&gl=US,15653784119919956094,0x31cc4a74127b25bb:0xd93d69b8427ad07e,3.0884768,101.70196159999999,Asia/Kuala_Lumpur,,,"Wednesday(2026-06-24): [6:30 AM–1:30 PM], Thursday(2026-06-25): [6:30 AM–1:30 PM], Friday(2026-06-26): [6:30 AM–1:30 PM], Saturday(2026-06-27): [6:30 AM–1:30 PM], Sunday(2026-06-28): [6:30 AM–1:30 PM], Monday(2026-06-29): [6:30 AM–1:30 PM], Tuesday(2026-06-30): [6:30 AM–1:30 PM]",https://www.google.com/search?kgmid=/g/11gbxgkgnp,/g/11gbxgkgnp,https://www.google.com/maps?cid=15653784119919956094,ChIJuyV7EnRKzDERftB6QrhpPdk,,,,,,,,Restaurants in Kuala Lumpur
Cinnamon Mediterranean & Indian,"G-06, Idaman, 2, Jalan Robertson, 50150 Kuala Lumpur, Wilayah Persekutuan Kuala Lumpur, Malaysia","G-06, Idaman","2, Jalan Robertson",Mediterranean restaurant;Bar & grill,"Service options: [No-contact delivery, Delivery, Drive-through, Takeout, Dine-in], Popular for: [Lunch, Dinner, Solo dining], Offerings: [Alcohol, Beer, Coffee, Small plates, Wine], Dining options: [Brunch, Lunch, Dinner, Dessert, Table service], Amenities: [Bar onsite, Restroom], Atmosphere: [Casual], Crowd: [Good for groups], Planning: [Accepts reservations], Payments: [Credit cards, Debit cards, NFC mobile payments], Children: [Good for kids]",+60 11-3341 2676,"011-3341 2676, +60 11-3341 2676",YES,Cinnamon Mediterranean & Indian (Owner),110643391525642535816,https://www.google.com/maps/contrib/110643391525642535816,71,3.3,https://search.google.com/local/reviews?placeid=ChIJ_8DU56JJzDERyPhqlljhnh4&authuser=0&hl=en&gl=US,2206448638055086280,0x31cc49a2e7d4c0ff:0x1e9ee158966af8c8,3.1446584,101.7042883,Asia/Kuala_Lumpur,www.facebook.com/santorini.mediterranean.robertson,facebook.com,"Wednesday(2026-06-24): [11 AM–12 AM], Thursday(2026-06-25): [11 AM–12 AM], Friday(2026-06-26): [11 AM–12 AM], Saturday(2026-06-27): [11 AM–12 AM], Sunday(2026-06-28): [11 AM–12 AM], Monday(2026-06-29): [11 AM–12 AM], Tuesday(2026-06-30): [11 AM–12 AM]",https://www.google.com/search?kgmid=/g/11r4kdpc8m,/g/11r4kdpc8m,https://www.google.com/maps?cid=2206448638055086280,ChIJ_8DU56JJzDERyPhqlljhnh4,,,,,,,,Restaurants in Kuala Lumpur
THREE X CO,"Lot T6A, Level 3, Bangsar Shopping Centre, 285, Jalan Maarof, Bangsar, 59000 Kuala Lumpur, Wilayah Persekutuan Kuala Lumpur, Malaysia","Lot T6A, Level 3, Bangsar Shopping Centre","285, Jalan Maarof",Bar,"Service options: [No-contact delivery, Delivery, Onsite services, Dine-in], Highlights: [Great cocktails], Offerings: [Alcohol, Beer, Cocktails, Food, Food at bar, Hard liquor], Dining options: [Seating, Table service], Amenities: [Restroom], Atmosphere: [Casual, Cozy, Trendy], Crowd: [Good for groups, Tourists], Planning: [Accepts reservations], Payments: [Credit cards, Debit cards, NFC mobile payments, ], Parking: [Free street parking, Paid parking garage, Paid parking lot, , Valet parking]",+60 19-336 6031,"019-336 6031, +60 19-336 6031",YES,THREE X CO (Owner),100737275773717441637,https://www.google.com/maps/contrib/100737275773717441637,221,4.6,https://search.google.com/local/reviews?placeid=ChIJd4DkNK9JzDERPutnazW1VtU&authuser=0&hl=en&gl=US,15372673619115633470,0x31cc49af34e48077:0xd556b5356b67eb3e,3.1431754,101.6673653,Asia/Kuala_Lumpur,,,"Wednesday(2026-06-24): [5 PM–12 AM], Thursday(2026-06-25): [5 PM–12 AM], Friday(2026-06-26): [5 PM–1 AM], Saturday(2026-06-27): [5 PM–1 AM], Sunday(2026-06-28): [Closed], Monday(2026-06-29): [5 PM–12 AM], Tuesday(2026-06-30): [5 PM–12 AM]",https://www.google.com/search?kgmid=/g/11f_kntjjq,/g/11f_kntjjq,https://www.google.com/maps?cid=15372673619115633470,ChIJd4DkNK9JzDERPutnazW1VtU,,,,,,,,Restaurants in Kuala Lumpur
Ming Kee Restaurant,"33, Jalan Burung Tiong, Taman Bukit Maluri, 52100 Kuala Lumpur, Wilayah Persekutuan Kuala Lumpur, Malaysia","33, Jalan Burung Tiong",Taman Bukit Maluri,Chinese noodle restaurant;Restaurant,"Service options: [Onsite services, Takeout, Dine-in], Popular for: [Breakfast, Lunch, Dinner, Solo dining], Accessibility: [No wheelchair accessible entrance, No wheelchair accessible parking lot, No wheelchair accessible seating], Offerings: [Coffee, Quick bite, Small plates], Dining options: [Breakfast, Brunch, Lunch, Dinner, Table service], Amenities: [Restroom], Atmosphere: [Casual], Crowd: [Good for groups], Planning: [Doesn't accept reservations], Payments: [Cash-only], Children: [Good for kids], Parking: [Free street parking, ]",+60 3-6274 7621,"03-6274 7621, +60 3-6274 7621",NO,Ming Kee Restaurant (Owner),,,298,3.9,https://search.google.com/local/reviews?placeid=ChIJg18CDhpGzDERjPSE7epy01c&authuser=0&hl=en&gl=US,6328528254718506124,0x31cc461a0e025f83:0x57d372eaed84f48c,3.2007844,101.6318885,Asia/Kuala_Lumpur,,,"Wednesday(2026-06-24): [7:30 AM–9 PM], Thursday(2026-06-25): [Closed], Friday(2026-06-26): [7:30 AM–9 PM], Saturday(2026-06-27): [7:30 AM–9 PM], Sunday(2026-06-28): [7:30 AM–3 PM], Monday(2026-06-29): [7:30 AM–9 PM], Tuesday(2026-06-30): [7:30 AM–9 PM]",https://www.google.com/search?kgmid=/g/11hctjzp2n,/g/11hctjzp2n,https://www.google.com/maps?cid=6328528254718506124,ChIJg18CDhpGzDERjPSE7epy01c,,,,,,,,Restaurants in Kuala Lumpur
Raja Punjabi Food Corner • Vegetarian,"Lot 21, Medan Selera, Kompleks TLK, Jalan Berhala, Brickfields, 50470 Kuala Lumpur, Federal Territory of Kuala Lumpur, Malaysia","Lot 21, Medan Selera, Kompleks TLK",Jalan Berhala,Punjabi restaurant,"Service options: [Takeout, Dine-in], Highlights: [Great coffee], Popular for: [Breakfast, Lunch, Dinner, Solo dining], Offerings: [Coffee, Quick bite, Small plates, Vegetarian options], Dining options: [Breakfast, Brunch, Lunch, Dinner], Amenities: [Restroom], Atmosphere: [Casual], Crowd: [Good for groups], Children: [Good for kids]",+60 16-353 2416,"016-353 2416, +60 16-353 2416",NO,Raja Punjabi Food Corner • Vegetarian (Owner),,,19,4.3,https://search.google.com/local/reviews?placeid=ChIJBQOgOYNJzDERu6RiZm7mv2E&authuser=0&hl=en&gl=US,7043601704069276859,0x31cc498339a00305:0x61bfe66e6662a4bb,3.1308026,101.6873292,Asia/Kuala_Lumpur,,,"Wednesday(2026-06-24): [7 AM–6 PM], Thursday(2026-06-25): [7 AM–6 PM], Friday(2026-06-26): [7 AM–6 PM], Saturday(2026-06-27): [7 AM–6 PM], Sunday(2026-06-28): [Closed], Monday(2026-06-29): [7 AM–6 PM], Tuesday(2026-06-30): [7 AM–6 PM]",https://www.google.com/search?kgmid=/g/11j0265hnb,/g/11j0265hnb,https://www.google.com/maps?cid=7043601704069276859,ChIJBQOgOYNJzDERu6RiZm7mv2E,,,,,,,,Restaurants in Kuala Lumpur
"Pool Bar & Grill@8 , Le Méridien Kuala Lumpur","2, Jalan Stesen Sentral, Kuala Lumpur Sentral, 50470 Kuala Lumpur, Wilayah Persekutuan Kuala Lumpur, Malaysia","2, Jalan Stesen Sentral",Kuala Lumpur Sentral,Bar & grill,"Service options: [Outdoor seating, Dine-in], Highlights: [Great beer selection, Great cocktails, Great dessert], Popular for: [Lunch, Dinner, Solo dining], Accessibility: [Wheelchair accessible entrance, Wheelchair accessible parking lot, Wheelchair accessible restroom], Offerings: [Alcohol, Beer, Cocktails, Coffee, Food, Food at bar, Hard liquor, Small plates, Wine], Dining options: [Lunch, Dinner, Dessert, Seating, Table service], Amenities: [Bar onsite, Restroom, Wi-Fi, ], Atmosphere: [Casual, Cozy, Trendy], Crowd: [Family-friendly, Good for groups], Planning: [Reservations required, Accepts reservations], Payments: [Credit cards, Debit cards, NFC mobile payments], Children: [Good for kids, High chairs]",+60 3-2263 7888,"03-2263 7888, +60 3-2263 7888",YES,"Pool Bar & Grill@8 , Le Méridien Kuala Lumpur (Owner)",116163033056595348369,https://www.google.com/maps/contrib/116163033056595348369,10,3.7,https://search.google.com/local/reviews?placeid=ChIJiUesuyZJzDERl26_cowwmio&authuser=0&hl=en&gl=US,3069819475785117335,0x31cc4926bbac4789:0x2a9a308c72bf6e97,3.1355713,101.6863978,Asia/Kuala_Lumpur,marriottbonvoyasia.com/restaurants-bars/le-meridien-kuala-lumpur-pool-bar-and-grill,marriottbonvoyasia.com,"Wednesday(2026-06-24): [7 AM–11 PM], Thursday(2026-06-25): [7 AM–11 PM], Friday(2026-06-26): [7 AM–11 PM], Saturday(2026-06-27): [7 AM–11 PM], Sunday(2026-06-28): [7 AM–11 PM], Monday(2026-06-29): [7 AM–11 PM], Tuesday(2026-06-30): [7 AM–11 PM]",https://www.google.com/search?kgmid=/g/11f62t5z05,/g/11f62t5z05,https://www.google.com/maps?cid=3069819475785117335,ChIJiUesuyZJzDERl26_cowwmio,,,,,,,,Restaurants in Kuala Lumpur
Yatikopitam86,"Kuala Lumpur Sentral, 50470 Kuala Lumpur, Federal Territory of Kuala Lumpur, Malaysia",Kuala Lumpur Sentral,50470 Kuala Lumpur,Restaurant,"Service options: [Dine-in], Popular for: [Solo dining]",+60 19-647 7770,"019-647 7770, +60 19-647 7770",NO,Yatikopitam86 (Owner),,,1,5,https://search.google.com/local/reviews?placeid=ChIJvQ8IagBJzDERgjrEbUQWr9w&authuser=0&hl=en&gl=US,15901953292423674498,0x31cc49006a080fbd:0xdcaf16446dc43a82,3.1319196999999996,101.6840589,Asia/Kuala_Lumpur,,,"Wednesday(2026-06-24): [Open 24 hours], Thursday(2026-06-25): [Open 24 hours], Friday(2026-06-26): [Open 24 hours], Saturday(2026-06-27): [Closed], Sunday(2026-06-28): [Open 24 hours], Monday(2026-06-29): [Open 24 hours], Tuesday(2026-06-30): [Open 24 hours]",https://www.google.com/search?kgmid=/g/11x_pvpyfj,/g/11x_pvpyfj,https://www.google.com/maps?cid=15901953292423674498,ChIJvQ8IagBJzDERgjrEbUQWr9w,,,,,,,,Restaurants in Kuala Lumpur
Yum Momos (Dumplings & More),"202 Ground Floor, Jalan Tun Sambanthan, Brickfields, 50470 Kuala Lumpur, Wilayah Persekutuan Kuala Lumpur, Malaysia",202 Ground Floor,Jalan Tun Sambanthan,Indian restaurant,"From the business: [Identifies as women-owned], Service options: [Outdoor seating, No-contact delivery, Delivery, Onsite services, Takeout, Dine-in], Highlights: [Great tea selection], Popular for: [Lunch, Dinner, Solo dining], Accessibility: [No wheelchair accessible parking lot], Offerings: [Coffee, Quick bite, Small plates, Vegetarian options], Dining options: [Brunch, Lunch, Dinner, Counter service, Dessert, Seating, Table service], Amenities: [Gender-neutral restroom, Restroom, Wi-Fi, ], Atmosphere: [Casual], Crowd: [Family-friendly, Good for groups], Planning: [Accepts reservations], Payments: [Credit cards, Debit cards, NFC mobile payments, ], Children: [Good for kids, High chairs], Parking: [Free street parking, Paid parking lot]",+60 11-6174 7684,"011-6174 7684, +60 11-6174 7684",YES,Yum Momos (Dumplings & More) (Owner),100883134382253215961,https://www.google.com/maps/contrib/100883134382253215961,301,4,https://search.google.com/local/reviews?placeid=ChIJqzVtx_5PzDER5EvjgqHLGQg&authuser=0&hl=en&gl=US,583721521267297252,0x31cc4ffec76d35ab:0x819cba182e34be4,3.1308995,101.68567709999999,Asia/Kuala_Lumpur,www.facebook.com/yummomos.my?mibextid=LQQJ4d,facebook.com,"Wednesday(2026-06-24): [11 AM–11:30 PM], Thursday(2026-06-25): [11 AM–11:30 PM], Friday(2026-06-26): [11 AM–11:30 PM], Saturday(2026-06-27): [11 AM–11:30 PM], Sunday(2026-06-28): [11 AM–11:30 PM], Monday(2026-06-29): [11 AM–11:30 PM], Tuesday(2026-06-30): [11 AM–11:30 PM]",https://www.google.com/search?kgmid=/g/11kb3xyv49,/g/11kb3xyv49,https://www.google.com/maps?cid=583721521267297252,ChIJqzVtx_5PzDER5EvjgqHLGQg,,,,,,,,Restaurants in Kuala Lumpur
Pusong Pinoy Cafe - Nu Sentral,"110, Jalan Tun Sambanthan, Brickfields, 50470 Kuala Lumpur, Wilayah Persekutuan Kuala Lumpur, Malaysia","110, Jalan Tun Sambanthan",Brickfields,Filipino restaurant,"Service options: [Takeout, Dine-in], Popular for: [Lunch, Solo dining], Offerings: [Quick bite, Small plates], Dining options: [Lunch], Atmosphere: [Casual], Crowd: [Good for groups], Children: [Good for kids]",,,NO,Pusong Pinoy Cafe - Nu Sentral (Owner),,,7,4.9,https://search.google.com/local/reviews?placeid=ChIJpUoFPwBJzDER-D9EVydIWLI&authuser=0&hl=en&gl=US,12851100870506725368,0x31cc49003f054aa5:0xb258482757443ff8,3.1324768,101.6875457,Asia/Kuala_Lumpur,,,,https://www.google.com/search?kgmid=/g/11xmnwtv72,/g/11xmnwtv72,https://www.google.com/maps?cid=12851100870506725368,ChIJpUoFPwBJzDER-D9EVydIWLI,,,,,,,,Restaurants in Kuala Lumpur
Aroii Thai @ NU Sentral,"Level LG.33, NU Central Mall, Jalan Tun Sambanthan, 50470 Kuala Lumpur, Malaysia","Level LG.33, NU Central Mall",Jalan Tun Sambanthan,Thai restaurant,"Service options: [Outdoor seating, Delivery, Onsite services, Takeout, Dine-in], Highlights: [Great dessert], Popular for: [Lunch, Dinner, Solo dining], Offerings: [Coffee, Quick bite, Small plates, Vegetarian options], Dining options: [Brunch, Lunch, Dinner, Dessert, Seating, Table service], Atmosphere: [Casual, Cozy, Trendy], Crowd: [Good for groups, Tourists], Planning: [Accepts reservations], Payments: [Credit cards, Debit cards, NFC mobile payments], Children: [Good for kids], Parking: [Paid parking lot, Paid street parking, ]",+60 3-2276 5168,"03-2276 5168, +60 3-2276 5168",YES,Aroii Thai @ NU Sentral (Owner),109676959168942816971,https://www.google.com/maps/contrib/109676959168942816971,549,3.9,https://search.google.com/local/reviews?placeid=ChIJPd5IJAZJzDERZ-fyNHtI45s&authuser=0&hl=en&gl=US,11232901589598660455,0x31cc49062448de3d:0x9be3487b34f2e767,3.1327765999999997,101.6872521,Asia/Kuala_Lumpur,www.facebook.com/aroiithai,facebook.com,"Wednesday(2026-06-24): [10:30 AM–9:30 PM], Thursday(2026-06-25): [10:30 AM–9:30 PM], Friday(2026-06-26): [10:30 AM–9:30 PM], Saturday(2026-06-27): [10:30 AM–9:30 PM], Sunday(2026-06-28): [10:30 AM–9:30 PM], Monday(2026-06-29): [10:30 AM–9:30 PM], Tuesday(2026-06-30): [10:30 AM–9:30 PM]",https://www.google.com/search?kgmid=/g/11f780_tsd,/g/11f780_tsd,https://www.google.com/maps?cid=11232901589598660455,ChIJPd5IJAZJzDERZ-fyNHtI45s,,,,,,,,Restaurants in Kuala Lumpur
Little Eat Stall,"238, Jalan Beruang, Pudu, 55100 Kuala Lumpur, Wilayah Persekutuan Kuala Lumpur, Malaysia","238, Jalan Beruang",Pudu,Chinese restaurant;Restaurant,"Service options: [Delivery, Onsite services, Takeout, Dine-in], Popular for: [Breakfast, Lunch, Solo dining], Accessibility: [No wheelchair accessible entrance, No wheelchair accessible parking lot, No wheelchair accessible seating], Offerings: [Alcohol, Coffee, Wine], Dining options: [Breakfast, Brunch, Lunch, Counter service, Table service], Amenities: [Restroom], Atmosphere: [Casual, Trendy], Crowd: [Good for groups, Tourists], Planning: [Accepts reservations, Usually a wait], Payments: [Cash-only], Parking: [Free street parking, Paid parking lot, Paid street parking]",+60 12-220 8666,"012-220 8666, +60 12-220 8666",NO,Little Eat Stall (Owner),,,950,3.7,https://search.google.com/local/reviews?placeid=ChIJvzG3ZyM2zDERqhrG-vRCteE&authuser=0&hl=en&gl=US,16263979249265154730,0x31cc362367b731bf:0xe1b542f4fac61aaa,3.1361459999999997,101.71639689999999,Asia/Kuala_Lumpur,,,"Wednesday(2026-06-24): [7 AM–2 PM], Thursday(2026-06-25): [7 AM–2 PM], Friday(2026-06-26): [7 AM–2 PM], Saturday(2026-06-27): [7 AM–2 PM], Sunday(2026-06-28): [Closed], Monday(2026-06-29): [7 AM–2 PM], Tuesday(2026-06-30): [7 AM–2 PM]",https://www.google.com/search?kgmid=/g/11byyfnjzk,/g/11byyfnjzk,https://www.google.com/maps?cid=16263979249265154730,ChIJvzG3ZyM2zDERqhrG-vRCteE,,,,,,,,Restaurants in Kuala Lumpur
Kaara Saaram Claypot @Brickfields,"290, Jalan Tun Sambanthan, Brickfields, 50470 Kuala Lumpur, Wilayah Persekutuan Kuala Lumpur, Malaysia","290, Jalan Tun Sambanthan",Brickfields,Indian restaurant,"Service options: [Outdoor seating, Onsite services, Takeout, Dine-in, No delivery], Highlights: [Great tea selection], Popular for: [Lunch, Dinner, Solo dining], Accessibility: [No wheelchair accessible seating], Offerings: [Coffee, Small plates, Vegetarian options], Dining options: [Brunch, Lunch, Dinner, Counter service, Dessert, Seating, Table service], Amenities: [Restroom], Atmosphere: [Casual, Trendy], Crowd: [Good for groups, Tourists], Planning: [Accepts reservations], Payments: [Credit cards, Debit cards, NFC mobile payments], Children: [Good for kids], Parking: [Paid parking lot, Paid street parking]",+60 12-936 2526,"012-936 2526, +60 12-936 2526",YES,Kaara Saaram Claypot @Brickfields (Owner),100921691758489060684,https://www.google.com/maps/contrib/100921691758489060684,764,3.9,https://search.google.com/local/reviews?placeid=ChIJiaUA72pJzDERfsm2aWazHv8&authuser=0&hl=en&gl=US,18383327981414566270,0x31cc496aef00a589:0xff1eb36669b6c97e,3.1282958,101.6838832,Asia/Kuala_Lumpur,,,"Wednesday(2026-06-24): [11 AM–12 AM], Thursday(2026-06-25): [11 AM–12 AM], Friday(2026-06-26): [11 AM–1 AM], Saturday(2026-06-27): [11 AM–1 AM], Sunday(2026-06-28): [11 AM–1 AM], Monday(2026-06-29): [11 AM–12 AM], Tuesday(2026-06-30): [11 AM–12 AM]",https://www.google.com/search?kgmid=/g/11kj2k1l30,/g/11kj2k1l30,https://www.google.com/maps?cid=18383327981414566270,ChIJiaUA72pJzDERfsm2aWazHv8,,,,,,,,Restaurants in Kuala Lumpur
"taman shanghai, kuala lumpur","Kuala Lumpur Sentral, 50470 Kuala Lumpur, Federal Territory of Kuala Lumpur, Malaysia",Kuala Lumpur Sentral,50470 Kuala Lumpur,Restaurant,"Service options: [Dine-in], Popular for: [Solo dining], Atmosphere: [Casual], Crowd: [Good for groups], Children: [Good for kids]",,,NO,"taman shanghai, kuala lumpur (Owner)",,,,,https://search.google.com/local/reviews?placeid=ChIJeS8HNgBJzDERB7P3uw9EoaI&authuser=0&hl=en&gl=US,11718722539763512071,0x31cc490036072f79:0xa2a1440fbbf7b307,3.1319196999999996,101.6840589,Asia/Kuala_Lumpur,,,,https://www.google.com/search?kgmid=/g/11mspf7gz3,/g/11mspf7gz3,https://www.google.com/maps?cid=11718722539763512071,ChIJeS8HNgBJzDERB7P3uw9EoaI,,,,,,,,Restaurants in Kuala Lumpur
Taman segar Cheras Kuala Lumpur,"Kuala Lumpur Sentral, 50470 Kuala Lumpur, Federal Territory of Kuala Lumpur, Malaysia",Kuala Lumpur Sentral,50470 Kuala Lumpur,Chinese restaurant,"Service options: [Dine-in], Popular for: [Solo dining], Children: [Good for kids]",,,NO,Taman segar Cheras Kuala Lumpur (Owner),,,2,4.5,https://search.google.com/local/reviews?placeid=ChIJUyWZQQBJzDERrtv2Ja7dHYo&authuser=0&hl=en&gl=US,9952354491589647278,0x31cc490041992553:0x8a1dddae25f6dbae,3.1319196999999996,101.6840589,Asia/Kuala_Lumpur,,,,https://www.google.com/search?kgmid=/g/11xl3z7q2r,/g/11xl3z7q2r,https://www.google.com/maps?cid=9952354491589647278,ChIJUyWZQQBJzDERrtv2Ja7dHYo,,,,,,,,Restaurants in Kuala Lumpur
Pizzeria Dihyang,"44, Jalan Pudu Lama, Bukit Bintang, 50200 Kuala Lumpur, Wilayah Persekutuan Kuala Lumpur, Malaysia","44, Jalan Pudu Lama",Bukit Bintang,Restaurant;Pizza restaurant,"From the business: [Identifies as women-owned], Service options: [Outdoor seating, No-contact delivery, Delivery, Onsite services, Takeout, Dine-in], Highlights: [Great dessert, Great wine list], Popular for: [Lunch, Dinner, Solo dining], Accessibility: [Wheelchair accessible entrance], Offerings: [Alcohol, Beer, Cocktails, Coffee, Hard liquor, Salad bar, Small plates, Vegetarian options, Wine], Dining options: [Lunch, Dinner, Dessert, Seating, Table service], Amenities: [Bar onsite, Gender-neutral restroom, Restroom], Atmosphere: [Casual, Cozy, Trendy], Crowd: [Family-friendly, Good for groups], Planning: [Dinner reservations recommended, Accepts reservations], Payments: [Credit cards, Debit cards, NFC mobile payments, ], Children: [Good for kids, High chairs], Parking: [Paid parking lot, ], Pets: [Dogs allowed outside]",+60 10-211 1398,"010-211 1398, +60 10-211 1398",YES,Pizzeria Dihyang (Owner),101991539405904124035,https://www.google.com/maps/contrib/101991539405904124035,565,3.9,https://search.google.com/local/reviews?placeid=ChIJC_AbxC5IzDERAboZjyr_UWc&authuser=0&hl=en&gl=US,7445012217274677761,0x31cc482ec41bf00b:0x6751ff2a8f19ba01,3.1464600999999996,101.7016783,Asia/Kuala_Lumpur,www.pizzeriadihyang.com/,pizzeriadihyang.com,"Wednesday(2026-06-24): [6–10 PM], Thursday(2026-06-25): [6–10 PM], Friday(2026-06-26): [6–10 PM], Saturday(2026-06-27): [6–10 PM], Sunday(2026-06-28): [6–10 PM], Monday(2026-06-29): [6–10 PM], Tuesday(2026-06-30): [Closed]",https://www.google.com/search?kgmid=/g/11ggsn4s79,/g/11ggsn4s79,https://www.google.com/maps?cid=7445012217274677761,ChIJC_AbxC5IzDERAboZjyr_UWc,,,,,,,,Restaurants in Kuala Lumpur
KFC KL Sentral,"Unit 18, 19 & 20 Level 2, Station Sentral, Jalan Tun Sambanthan, Kuala Lumpur Sentral, 50470 Kuala Lumpur, Federal Territory of Kuala Lumpur, Malaysia","Unit 18, 19 & 20 Level 2, Station Sentral",Jalan Tun Sambanthan,Fast food restaurant,"Service options: [Outdoor seating, Delivery, Onsite services, Takeout, Dine-in], Popular for: [Lunch, Dinner, Solo dining], Offerings: [Coffee, Quick bite], Dining options: [Breakfast, Lunch, Dinner, Counter service, Dessert, Seating], Atmosphere: [Casual], Crowd: [Good for groups], Payments: [Credit cards, Debit cards, NFC mobile payments, ], Children: [Good for kids, Kids' menu], Parking: [Free parking lot, Paid parking lot, ]",+60 3-2276 0701,"03-2276 0701, +60 3-2276 0701",YES,KFC KL Sentral (Owner),114242953127640073651,https://www.google.com/maps/contrib/114242953127640073651,345,3.1,https://search.google.com/local/reviews?placeid=ChIJnaSBPEVJzDER-CfGqd8756Y&authuser=0&hl=en&gl=US,12026647161728280568,0x31cc49453c81a49d:0xa6e73bdfa9c627f8,3.1351239,101.68629089999999,Asia/Kuala_Lumpur,kfc.com.my/,kfc.com.my,"Wednesday(2026-06-24): [8 AM–10:30 PM], Thursday(2026-06-25): [8 AM–10:30 PM], Friday(2026-06-26): [8 AM–10:30 PM], Saturday(2026-06-27): [8 AM–10:30 PM], Sunday(2026-06-28): [8 AM–10:30 PM], Monday(2026-06-29): [8 AM–10:30 PM], Tuesday(2026-06-30): [8 AM–10:30 PM]",https://www.google.com/search?kgmid=/g/11t6lnxnsj,/g/11t6lnxnsj,https://www.google.com/maps?cid=12026647161728280568,ChIJnaSBPEVJzDER-CfGqd8756Y,,,,,,,,Restaurants in Kuala Lumpur
Secret Recipe @ KL Sentral,"Level 1, Arrival Hall, Kuala Lumpur Sentral, 50470 Kuala Lumpur, Federal Territory of Kuala Lumpur, Malaysia","Level 1, Arrival Hall",Kuala Lumpur Sentral,Restaurant,"Service options: [Takeout, Dine-in], Highlights: [Great coffee, Great dessert], Popular for: [Lunch, Dinner, Solo dining], Offerings: [Coffee, Halal food, Quick bite, Small plates], Dining options: [Brunch, Lunch, Dinner, Dessert, Table service], Atmosphere: [Casual, Cozy, Trendy], Crowd: [Good for groups], Payments: [Credit cards, Debit cards, NFC mobile payments, ], Children: [Good for kids, Kids' menu], Parking: []",+60 3-2276 0070,"03-2276 0070, +60 3-2276 0070",NO,Secret Recipe @ KL Sentral (Owner),,,14,3.1,https://search.google.com/local/reviews?placeid=ChIJBWHCljBJzDERQ9ikWfQmbbg&authuser=0&hl=en&gl=US,13289320906358052931,0x31cc493096c26105:0xb86d26f459a4d843,3.1344015,101.6864197,Asia/Kuala_Lumpur,www.secretrecipe.com.my/,secretrecipe.com.my,"Wednesday(2026-06-24): [10 AM–9 PM], Thursday(2026-06-25): [10 AM–9 PM], Friday(2026-06-26): [10 AM–9 PM], Saturday(2026-06-27): [10 AM–6 PM], Sunday(2026-06-28): [Closed], Monday(2026-06-29): [10 AM–9 PM], Tuesday(2026-06-30): [10 AM–9 PM]",https://www.google.com/search?kgmid=/g/11svtmg6vk,/g/11svtmg6vk,https://www.google.com/maps?cid=13289320906358052931,ChIJBWHCljBJzDERQ9ikWfQmbbg,,,,,,,,Restaurants in Kuala Lumpur
Bhai Bhai Restaurant- ভাই ভাই রেস্টুরেন্ট,"Kuala Lumpur Sentral, 50470 Kuala Lumpur, Federal Territory of Kuala Lumpur, Malaysia",Kuala Lumpur Sentral,50470 Kuala Lumpur,Bangladeshi restaurant,"Service options: [Dine-in], Popular for: [Solo dining], Crowd: [Good for groups]",,,NO,Bhai Bhai Restaurant- ভাই ভাই রেস্টুরেন্ট (Owner),,,3,5,https://search.google.com/local/reviews?placeid=ChIJ14yZVQBJzDER7TB4ZqKZsc4&authuser=0&hl=en&gl=US,14893854365473845485,0x31cc490055998cd7:0xceb199a2667830ed,3.1325277,101.6881982,Asia/Kuala_Lumpur,,,,https://www.google.com/search?kgmid=/g/11xl5xyp6s,/g/11xl5xyp6s,https://www.google.com/maps?cid=14893854365473845485,ChIJ14yZVQBJzDER7TB4ZqKZsc4,,,,,,,,Restaurants in Kuala Lumpur
B.bap Korean Food @ NU Sentral,"Lot GF08, Nu Sentral, Jalan Stesen Sentral 3, Kuala Lumpur Sentral, 50470 Kuala Lumpur, Federal Territory of Kuala Lumpur, Malaysia","Lot GF08, Nu Sentral",Jalan Stesen Sentral 3,Korean restaurant,"Service options: [No-contact delivery, Delivery, Onsite services, Takeout, Dine-in], Popular for: [Lunch, Dinner, Solo dining], Offerings: [Coffee, Healthy options, Small plates], Dining options: [Brunch, Lunch, Dinner, Counter service, Dessert, Table service], Atmosphere: [Casual, Cozy, Trendy], Crowd: [Good for groups], Planning: [Accepts reservations], Payments: [Credit cards, Debit cards, NFC mobile payments, ], Children: [Good for kids], Parking: [Paid street parking, ]",+60 3-2856 9719,"03-2856 9719, +60 3-2856 9719",YES,B.bap Korean Food @ NU Sentral (Owner),108500436982585652851,https://www.google.com/maps/contrib/108500436982585652851,337,3.9,https://search.google.com/local/reviews?placeid=ChIJRUBfscFJzDERhllOgPy1VKc&authuser=0&hl=en&gl=US,12057462198466664838,0x31cc49c1b15f4045:0xa754b5fc804e5986,3.1332616,101.68662549999999,Asia/Kuala_Lumpur,bbapkoreanfood.oddle.me/en_MY/,bbapkoreanfood.oddle.me,"Wednesday(2026-06-24): [10 AM–9:30 PM], Thursday(2026-06-25): [10 AM–9:30 PM], Friday(2026-06-26): [10 AM–9:30 PM], Saturday(2026-06-27): [10 AM–9:30 PM], Sunday(2026-06-28): [10 AM–9:30 PM], Monday(2026-06-29): [10 AM–9:30 PM], Tuesday(2026-06-30): [10 AM–9:30 PM]",https://www.google.com/search?kgmid=/g/11c0wf0kcw,/g/11c0wf0kcw,https://www.google.com/maps?cid=12057462198466664838,ChIJRUBfscFJzDERhllOgPy1VKc,,,,,,,,Restaurants in Kuala Lumpur
Ahaa (Sree Biryani.com),"95, Jalan Travers, Brickfields, 50470 Kuala Lumpur, Wilayah Persekutuan Kuala Lumpur, Malaysia","95, Jalan Travers",Brickfields,Indian restaurant,"Service options: [Delivery, Takeout, Dine-in], Popular for: [Lunch, Dinner, Solo dining], Offerings: [Coffee, Quick bite, Small plates], Dining options: [Lunch, Dinner, Dessert, Table service], Atmosphere: [Casual], Crowd: [Good for groups], Payments: [Credit cards, Debit cards, NFC mobile payments], Children: [Good for kids]",+60 11-1512 9859,"011-1512 9859, +60 11-1512 9859",YES,Ahaa (Sree Biryani.com) (Owner),103146674711971566429,https://www.google.com/maps/contrib/103146674711971566429,38,3.3,https://search.google.com/local/reviews?placeid=ChIJv2S2Sj5JzDERLIBMbprhq64&authuser=0&hl=en&gl=US,12586401637008703532,0x31cc493e4ab664bf:0xaeabe19a6e4c802c,3.1306922,101.6831864,Asia/Kuala_Lumpur,www.sreebiryani.com/,sreebiryani.com,"Wednesday(2026-06-24): [8:30 AM–8:30 PM], Thursday(2026-06-25): [8:30 AM–8:30 PM], Friday(2026-06-26): [8:30 AM–8:30 PM], Saturday(2026-06-27): [8:30 AM–8:30 PM], Sunday(2026-06-28): [8:30 AM–8:30 PM], Monday(2026-06-29): [8:30 AM–8:30 PM], Tuesday(2026-06-30): [8:30 AM–8:30 PM]",https://www.google.com/search?kgmid=/g/11wbgt6w8x,/g/11wbgt6w8x,https://www.google.com/maps?cid=12586401637008703532,ChIJv2S2Sj5JzDERLIBMbprhq64,,,,,,,,Restaurants in Kuala Lumpur
BOLLYWOOD TADKA,"Adjacent to City Central Hotel, 82, Jalan Tun Sambanthan, Brickfields, 50470 Kuala Lumpur, Wilayah Persekutuan Kuala Lumpur, Malaysia",Adjacent to City Central Hotel,"82, Jalan Tun Sambanthan",Indian restaurant,"From the business: [Identifies as women-owned], Service options: [No-contact delivery, Delivery, Drive-through, Takeout, Dine-in], Popular for: [Lunch, Dinner, Solo dining], Offerings: [Coffee, Quick bite, Small plates], Dining options: [Lunch, Dinner, Table service], Atmosphere: [Casual], Crowd: [Good for groups], Payments: [Debit cards, NFC mobile payments, ], Children: [Good for kids]",+60 12-532 0786,"012-532 0786, +60 12-532 0786",YES,BOLLYWOOD TADKA (Owner),109868030784744287079,https://www.google.com/maps/contrib/109868030784744287079,20,3.7,https://search.google.com/local/reviews?placeid=ChIJIVlcDnFLzDERZ-GuY3YbtC8&authuser=0&hl=en&gl=US,3437402610883027303,0x31cc4b710e5c5921:0x2fb41b7663aee167,3.1332899999999997,101.68836979999999,Asia/Kuala_Lumpur,,,"Wednesday(2026-06-24): [10:30 AM–10 PM], Thursday(2026-06-25): [10:30 AM–10 PM], Friday(2026-06-26): [10:30 AM–10 PM], Saturday(2026-06-27): [10:30 AM–10 PM], Sunday(2026-06-28): [10:30 AM–10 PM], Monday(2026-06-29): [10:30 AM–10 PM], Tuesday(2026-06-30): [10:30 AM–10 PM]",https://www.google.com/search?kgmid=/g/11lgmgkz5n,/g/11lgmgkz5n,https://www.google.com/maps?cid=3437402610883027303,ChIJIVlcDnFLzDERZ-GuY3YbtC8,,,,,,,,Restaurants in Kuala Lumpur
Shvam,"Kuala Lumpur Sentral, 50470 Kuala Lumpur, Federal Territory of Kuala Lumpur, Malaysia",Kuala Lumpur Sentral,50470 Kuala Lumpur,American restaurant,"Service options: [Dine-in], Popular for: [Solo dining], Atmosphere: [Casual], Crowd: [Good for groups], Children: [Good for kids]",,,NO,Shvam (Owner),,,,,https://search.google.com/local/reviews?placeid=ChIJ6UJicgBJzDER0Hb5AIHp2Jc&authuser=0&hl=en&gl=US,10941752034973021904,0x31cc4900726242e9:0x97d8e98100f976d0,3.1319196999999996,101.6840589,Asia/Kuala_Lumpur,,,,https://www.google.com/search?kgmid=/g/11yrpc11d3,/g/11yrpc11d3,https://www.google.com/maps?cid=10941752034973021904,ChIJ6UJicgBJzDER0Hb5AIHp2Jc,,,,,,,,Restaurants in Kuala Lumpur
"Namma Veedu Vasanta Bhavan , Brickfields (Vegetarian Family Restaurant)","No 61, Ground Floor, Jalan Thambipillay, Brickfields, 50470 Kuala Lumpur, Federal Territory of Kuala Lumpur, Malaysia","No 61, Ground Floor",Jalan Thambipillay,Vegetarian restaurant;Indian restaurant;Restaurant,"Service options: [Delivery, Onsite services, Takeout, Dine-in], Highlights: [Great coffee, Great dessert, Great tea selection], Popular for: [Breakfast, Lunch, Dinner, Solo dining], Offerings: [Coffee, Quick bite, Small plates, Vegetarian options], Dining options: [Breakfast, Brunch, Lunch, Dinner, Dessert, Table service], Amenities: [Restroom], Atmosphere: [Casual, Trendy], Crowd: [Good for groups], Payments: [Credit cards, Debit cards, NFC mobile payments], Children: [Good for kids]",+60 3-2276 3444,"03-2276 3444, +60 3-2276 3444",YES,"Namma Veedu Vasanta Bhavan , Brickfields (Vegetarian Family Restaurant) (Owner)",101667319490209342942,https://www.google.com/maps/contrib/101667319490209342942,210,3.8,https://search.google.com/local/reviews?placeid=ChIJ_VwXu-pJzDERNvGqaaI76WI&authuser=0&hl=en&gl=US,7127293454034071862,0x31cc49eabb175cfd:0x62e93ba269aaf136,3.1317003999999997,101.68744099999999,Asia/Kuala_Lumpur,www.vasantabhavan.in/,vasantabhavan.in,"Wednesday(2026-06-24): [8 AM–11 PM], Thursday(2026-06-25): [8 AM–11 PM], Friday(2026-06-26): [8 AM–11 PM], Saturday(2026-06-27): [8 AM–11 PM], Sunday(2026-06-28): [8 AM–11 PM], Monday(2026-06-29): [8 AM–11 PM], Tuesday(2026-06-30): [8 AM–11 PM]",https://www.google.com/search?kgmid=/g/11c2r5lq_t,/g/11c2r5lq_t,https://www.google.com/maps?cid=7127293454034071862,ChIJ_VwXu-pJzDERNvGqaaI76WI,,,,,,,,Restaurants in Kuala Lumpur
Night market,"Kuala Lumpur Sentral, 50470 Kuala Lumpur, Federal Territory of Kuala Lumpur, Malaysia",Kuala Lumpur Sentral,50470 Kuala Lumpur,Fast food restaurant,"Service options: [Takeout, Dine-in], Popular for: [Solo dining], Offerings: [Quick bite]",,,NO,Night market (Owner),,,4,4.5,https://search.google.com/local/reviews?placeid=ChIJ8fyJWABJzDERSYcAXJIkdr8&authuser=0&hl=en&gl=US,13796254719523456841,0x31cc49005889fcf1:0xbf7624925c008749,3.1319196999999996,101.6840589,Asia/Kuala_Lumpur,,,,https://www.google.com/search?kgmid=/g/11m5qkcp1y,/g/11m5qkcp1y,https://www.google.com/maps?cid=13796254719523456841,ChIJ8fyJWABJzDERSYcAXJIkdr8,,,,,,,,Restaurants in Kuala Lumpur
Nasi Kandar Mamu Heritage,"95-2, Jalan Rakyat, Brickfields, 50470 Kuala Lumpur, Wilayah Persekutuan Kuala Lumpur, Malaysia","95-2, Jalan Rakyat",Brickfields,Restaurant,"Service options: [Outdoor seating, Delivery, Drive-through, Onsite services, Takeout, Dine-in], Highlights: [Great tea selection], Popular for: [Breakfast, Lunch, Dinner, Solo dining], Accessibility: [Wheelchair accessible entrance, Wheelchair accessible seating], Offerings: [Coffee, Halal food, Quick bite, Small plates], Dining options: [Breakfast, Brunch, Lunch, Dinner, Catering, Dessert, Seating, Table service], Amenities: [Restroom], Atmosphere: [Casual], Crowd: [Family-friendly, Good for groups], Planning: [Accepts reservations], Payments: [Credit cards, Debit cards, NFC mobile payments], Children: [Good for kids], Parking: [Paid parking lot, Paid street parking, ]",+60 11-2320 8097,"011-2320 8097, +60 11-2320 8097",YES,Nasi Kandar Mamu Heritage (Owner),108268142667530413252,https://www.google.com/maps/contrib/108268142667530413252,201,3.4,https://search.google.com/local/reviews?placeid=ChIJ_cOdLG5JzDERLscdA9r7WKI&authuser=0&hl=en&gl=US,11698376945868588846,0x31cc496e2c9dc3fd:0xa258fbda031dc72e,3.1306403,101.6832002,Asia/Kuala_Lumpur,,,"Wednesday(2026-06-24): [Open 24 hours], Thursday(2026-06-25): [Open 24 hours], Friday(2026-06-26): [Open 24 hours], Saturday(2026-06-27): [Open 24 hours], Sunday(2026-06-28): [Open 24 hours], Monday(2026-06-29): [Open 24 hours], Tuesday(2026-06-30): [Open 24 hours]",https://www.google.com/search?kgmid=/g/11h3yb85cw,/g/11h3yb85cw,https://www.google.com/maps?cid=11698376945868588846,ChIJ_cOdLG5JzDERLscdA9r7WKI,,,,,,,,Restaurants in Kuala Lumpur
Brickfields Pisang Goreng,"2, Jalan Thambipillay, Brickfields, 50470 Kuala Lumpur, Wilayah Persekutuan Kuala Lumpur, Malaysia","2, Jalan Thambipillay",Brickfields,Hawker stall,"Service options: [Delivery, Onsite services, Takeout], Accessibility: [No wheelchair accessible parking lot, No wheelchair accessible seating], Offerings: [Quick bite], Dining options: [Dessert, No table service], Amenities: [No restroom], Atmosphere: [Casual], Crowd: [College students], Planning: [Usually a wait, Doesn't accept reservations], Payments: [Cash-only], Parking: [Paid street parking, ]",+60 12-617 2511,"012-617 2511, +60 12-617 2511",NO,Brickfields Pisang Goreng (Owner),,,587,4.2,https://search.google.com/local/reviews?placeid=ChIJISYojcFJzDER3ijKQ-h8Tzc&authuser=0&hl=en&gl=US,3985541532257757406,0x31cc49c18d282621:0x374f7ce843ca28de,3.133142,101.68922409999999,Asia/Kuala_Lumpur,,,"Wednesday(2026-06-24): [11 AM–5 PM], Thursday(2026-06-25): [11 AM–5 PM], Friday(2026-06-26): [11 AM–5 PM], Saturday(2026-06-27): [11 AM–5 PM], Sunday(2026-06-28): [11 AM–5 PM], Monday(2026-06-29): [11 AM–5 PM], Tuesday(2026-06-30): [11 AM–5 PM]",https://www.google.com/search?kgmid=/g/11bx2kvrx6,/g/11bx2kvrx6,https://www.google.com/maps?cid=3985541532257757406,ChIJISYojcFJzDER3ijKQ-h8Tzc,,,,,,,,Restaurants in Kuala Lumpur
Thai Sticky Rice & Mango,"B-31-01, Suasana Sentral Loft, Kuala Lumpur Sentral, 50470 Kuala Lumpur, Wilayah Persekutuan Kuala Lumpur, Malaysia","B-31-01, Suasana Sentral Loft",Kuala Lumpur Sentral,Thai restaurant;Catering food and drink supplier;Food producer;Restaurant supply store,"Service options: [No-contact delivery, Delivery, Takeout, Dine-in], Popular for: [Solo dining], Dining options: [Dinner], Atmosphere: [Casual], Children: [Good for kids]",+60 12-923 0811,"012-923 0811, +60 12-923 0811",YES,Thai Sticky Rice & Mango (Owner),110965515192720124112,https://www.google.com/maps/contrib/110965515192720124112,,,https://search.google.com/local/reviews?placeid=ChIJX1IaC7hJzDERbLTrRHyoNg4&authuser=0&hl=en&gl=US,1024191216959075436,0x31cc49b80b1a525f:0xe36a87c44ebb46c,3.1307460999999996,101.6839681,Asia/Kuala_Lumpur,stickyricemango.waddat.com/,stickyricemango.waddat.com,"Wednesday(2026-06-24): [Open 24 hours], Thursday(2026-06-25): [Open 24 hours], Friday(2026-06-26): [Open 24 hours], Saturday(2026-06-27): [Open 24 hours], Sunday(2026-06-28): [Open 24 hours], Monday(2026-06-29): [Open 24 hours], Tuesday(2026-06-30): [Open 24 hours]",https://www.google.com/search?kgmid=/g/11ydg3hb71,/g/11ydg3hb71,https://www.google.com/maps?cid=1024191216959075436,ChIJX1IaC7hJzDERbLTrRHyoNg4,,,,,,,,Restaurants in Kuala Lumpur
Ammars Kitchen,"166, Jalan Tun Sambanthan, Brickfields, 50470 Kuala Lumpur, Wilayah Persekutuan Kuala Lumpur, Malaysia","166, Jalan Tun Sambanthan",Brickfields,South Indian restaurant,"Service options: [Takeout, Dine-in], Highlights: [Great dessert, Great tea selection], Popular for: [Breakfast, Lunch, Solo dining], Offerings: [Coffee, Quick bite, Small plates], Dining options: [Breakfast, Brunch, Lunch, Dessert], Atmosphere: [Casual], Crowd: [Good for groups], Payments: [Debit cards, NFC mobile payments], Children: [Good for kids]",+60 19-483 5054,"019-483 5054, +60 19-483 5054",NO,Ammars Kitchen (Owner),,,28,3.9,https://search.google.com/local/reviews?placeid=ChIJ7YLZhupJzDERc1IMHcJ_Qvw&authuser=0&hl=en&gl=US,18177231517708472947,0x31cc49ea86d982ed:0xfc427fc21d0c5273,3.1317839,101.68658649999999,Asia/Kuala_Lumpur,,,"Wednesday(2026-06-24): [8 AM–8:30 PM], Thursday(2026-06-25): [8 AM–8:30 PM], Friday(2026-06-26): [8 AM–8:30 PM], Saturday(2026-06-27): [8 AM–8:30 PM], Sunday(2026-06-28): [8 AM–8:30 PM], Monday(2026-06-29): [8 AM–8:30 PM], Tuesday(2026-06-30): [8 AM–8:30 PM]",https://www.google.com/search?kgmid=/g/11c0qgyj8s,/g/11c0qgyj8s,https://www.google.com/maps?cid=18177231517708472947,ChIJ7YLZhupJzDERc1IMHcJ_Qvw,,,,,,,,Restaurants in Kuala Lumpur
Naivedyam - Jain and Vegetarian food station,"P6 Lobby | Condominium, Jalan Stesen Sentral 5, Kuala Lumpur Sentral, 50470 Kuala Lumpur, Wilayah Persekutuan Kuala Lumpur, Malaysia",P6 Lobby | Condominium,Jalan Stesen Sentral 5,Restaurant,"Service options: [No-contact delivery, Delivery, Drive-through, Takeout, Dine-in], Popular for: [Lunch, Solo dining], Offerings: [Quick bite, Small plates], Dining options: [Lunch], Crowd: [Good for groups], Children: [Good for kids]",+60 17-234 8561,"017-234 8561, +60 17-234 8561",YES,Naivedyam - Jain and Vegetarian food station (Owner),100478181004176422293,https://www.google.com/maps/contrib/100478181004176422293,2,3,https://search.google.com/local/reviews?placeid=ChIJHQvSatdJzDERpyP-FNllak0&authuser=0&hl=en&gl=US,5578383071486288807,0x31cc49d76ad20b1d:0x4d6a65d914fe23a7,3.1314823,101.6841577,Asia/Kuala_Lumpur,,,"Wednesday(2026-06-24): [7 AM–8 PM], Thursday(2026-06-25): [7 AM–8 PM], Friday(2026-06-26): [7 AM–8 PM], Saturday(2026-06-27): [7 AM–8 PM], Sunday(2026-06-28): [7 AM–8 PM], Monday(2026-06-29): [7 AM–8 PM], Tuesday(2026-06-30): [7 AM–8 PM]",https://www.google.com/search?kgmid=/g/11lm9rq898,/g/11lm9rq898,https://www.google.com/maps?cid=5578383071486288807,ChIJHQvSatdJzDERpyP-FNllak0,,,,,,,,Restaurants in Kuala Lumpur
Ah Goh Restaurant | 亞娥饭店,"Little India, 267, Jalan Tun Sambanthan, Brickfields, 50470 Kuala Lumpur, Wilayah Persekutuan Kuala Lumpur, Malaysia",Little India,"267, Jalan Tun Sambanthan",Chinese restaurant,"Service options: [Takeout, Dine-in], Popular for: [Lunch, Dinner, Solo dining], Offerings: [Alcohol, Beer, Small plates], Dining options: [Lunch, Dinner, Table service], Amenities: [Restroom], Atmosphere: [Casual], Crowd: [Good for groups], Planning: [Accepts reservations], Payments: [NFC mobile payments], Children: [Good for kids]",+60 12-297 5532,"012-297 5532, +60 12-297 5532",YES,Ah Goh Restaurant | 亞娥饭店 (Owner),100496263010287005461,https://www.google.com/maps/contrib/100496263010287005461,35,4,https://search.google.com/local/reviews?placeid=ChIJXyPdX5NJzDER1WoAZFx76LM&authuser=0&hl=en&gl=US,12963747164130929365,0x31cc49935fdd235f:0xb3e87b5c64006ad5,3.1269651,101.6827017,Asia/Kuala_Lumpur,,,"Wednesday(2026-06-24): [4–11 PM], Thursday(2026-06-25): [4–11 PM], Friday(2026-06-26): [4–11 PM], Saturday(2026-06-27): [4–11 PM], Sunday(2026-06-28): [4–11 PM], Monday(2026-06-29): [4–11 PM], Tuesday(2026-06-30): [4–11 PM]",https://www.google.com/search?kgmid=/g/11c0pzjrww,/g/11c0pzjrww,https://www.google.com/maps?cid=12963747164130929365,ChIJXyPdX5NJzDER1WoAZFx76LM,,,,,,,,Restaurants in Kuala Lumpur
Moorthy's Mathai Indian Rice,"144A, Jalan Vivekananda, Brickfields, 50470 Kuala Lumpur, Wilayah Persekutuan Kuala Lumpur, Malaysia","144A, Jalan Vivekananda",Brickfields,Hawker stall,"Service options: [Takeout, Dine-in], Popular for: [Dinner, Solo dining], Offerings: [Quick bite, Small plates], Dining options: [Brunch, Lunch, Dinner], Amenities: [Restroom], Atmosphere: [Casual], Crowd: [Good for groups], Children: [Good for kids]",+60 12-321 3427,"012-321 3427, +60 12-321 3427",YES,Moorthy's Mathai Indian Rice (Owner),107009533238168276147,https://www.google.com/maps/contrib/107009533238168276147,66,4.1,https://search.google.com/local/reviews?placeid=ChIJhx1G8OpJzDERK0ynB2GaTjo&authuser=0&hl=en&gl=US,4201465243914161195,0x31cc49eaf0461d87:0x3a4e9a6107a74c2b,3.1311008,101.6866747,Asia/Kuala_Lumpur,,,"Wednesday(2026-06-24): [10:30 AM–3:30 PM], Thursday(2026-06-25): [10:30 AM–2 PM], Friday(2026-06-26): [10:30 AM–3:30 PM], Saturday(2026-06-27): [10:30 AM–3:30 PM], Sunday(2026-06-28): [10:30 AM–3:30 PM], Monday(2026-06-29): [10 AM–3:30 PM], Tuesday(2026-06-30): [10:30 AM–3:30 PM]",https://www.google.com/search?kgmid=/g/1ptxq57m5,/g/1ptxq57m5,https://www.google.com/maps?cid=4201465243914161195,ChIJhx1G8OpJzDERK0ynB2GaTjo,,,,,,,,Restaurants in Kuala Lumpur
OM POT BIRYANI ( MANNPAANNAI),"Lot 19,Medan Selera ,Kompleks TLK, Brickfields, 50470 Kuala Lumpur, Malaysia","Lot 19,Medan Selera ,Kompleks TLK",Brickfields,Hawker stall,"Service options: [Onsite services, Takeout], Popular for: [Solo dining], Offerings: [Quick bite, Small plates], Atmosphere: [Casual], Crowd: [Good for groups], Payments: [Cash-only], Children: [Good for kids]",+60 11-1656 7124,"011-1656 7124, +60 11-1656 7124",YES,OM POT BIRYANI ( MANNPAANNAI) (Owner),105502248684675027550,https://www.google.com/maps/contrib/105502248684675027550,69,4.1,https://search.google.com/local/reviews?placeid=ChIJlYNnbE1JzDERMDNWhuXTvXE&authuser=0&hl=en&gl=US,8195939879638938416,0x31cc494d6c678395:0x71bdd3e586563330,3.1310096,101.6873864,Asia/Kuala_Lumpur,,,,https://www.google.com/search?kgmid=/g/11fj_039xr,/g/11fj_039xr,https://www.google.com/maps?cid=8195939879638938416,ChIJlYNnbE1JzDERMDNWhuXTvXE,,,,,,,,Restaurants in Kuala Lumpur
Hadramawt Restaurant,"48, Jalan Kemuja, Bangsar, 59100 Kuala Lumpur, Wilayah Persekutuan Kuala Lumpur, Malaysia","48, Jalan Kemuja",Bangsar,Restaurant;Yemeni restaurant,"Service options: [No-contact delivery, Delivery, Takeout, Dine-in], Popular for: [Lunch, Dinner, Solo dining], Offerings: [Halal food, Quick bite, Small plates], Dining options: [Brunch, Lunch, Dinner, Catering, Dessert, Table service], Amenities: [Restroom], Atmosphere: [Casual], Crowd: [Good for groups], Planning: [Accepts reservations], Payments: [Credit cards, Debit cards, NFC mobile payments], Children: [Good for kids]",+60 17-500 4011,"017-500 4011, +60 17-500 4011",YES,Hadramawt Restaurant (Owner),103006975987775728036,https://www.google.com/maps/contrib/103006975987775728036,40,3.7,https://search.google.com/local/reviews?placeid=ChIJLbwMX-JJzDERg3VLZmXprwU&authuser=0&hl=en&gl=US,409802712831194499,0x31cc49e25f0cbc2d:0x5afe965664b7583,3.1286576,101.6790013,Asia/Kuala_Lumpur,www.hadramawt.com.my/,hadramawt.com.my,"Wednesday(2026-06-24): [10 AM–10 PM], Thursday(2026-06-25): [10 AM–10 PM], Friday(2026-06-26): [10 AM–10 PM], Saturday(2026-06-27): [10 AM–10 PM], Sunday(2026-06-28): [10 AM–10 PM], Monday(2026-06-29): [10 AM–10 PM], Tuesday(2026-06-30): [10 AM–10 PM]",https://www.google.com/search?kgmid=/g/11v419djyw,/g/11v419djyw,https://www.google.com/maps?cid=409802712831194499,ChIJLbwMX-JJzDERg3VLZmXprwU,,,,,,,,Restaurants in Kuala Lumpur
Amaran restaurant and bar,"No208 1st Floor, Jalan Tun Sambanthan, Brickfields, 50470 Kuala Lumpur, Wilayah Persekutuan Kuala Lumpur, Malaysia",No208 1st Floor,Jalan Tun Sambanthan,Restaurant,"Service options: [Takeout, Dine-in], Highlights: [Great beer selection], Offerings: [Alcohol, Beer, Coffee, Hard liquor, Small plates], Dining options: [Lunch, Dinner, Table service], Amenities: [Bar onsite, Restroom], Atmosphere: [Casual], Crowd: [Good for groups], Planning: [Accepts reservations], Payments: [Debit cards, NFC mobile payments, ]",+60 12-531 2429,"012-531 2429, +60 12-531 2429",YES,Amaran restaurant and bar (Owner),102878922342697374027,https://www.google.com/maps/contrib/102878922342697374027,9,3.7,https://search.google.com/local/reviews?placeid=ChIJAw-yQZNJzDERrsCohXdVpPQ&authuser=0&hl=en&gl=US,17628308813266862254,0x31cc499341b20f03:0xf4a4557785a8c0ae,3.130902,101.68566369999999,Asia/Kuala_Lumpur,,,"Wednesday(2026-06-24): [8:30 PM–3 AM], Thursday(2026-06-25): [8:30 PM–3 AM], Friday(2026-06-26): [8:30 PM–4 AM], Saturday(2026-06-27): [8:30 PM–4 AM], Sunday(2026-06-28): [8:30 PM–3 AM], Monday(2026-06-29): [8:30 PM–3 AM], Tuesday(2026-06-30): [8:30 PM–3 AM]",https://www.google.com/search?kgmid=/g/11s7vq9nr2,/g/11s7vq9nr2,https://www.google.com/maps?cid=17628308813266862254,ChIJAw-yQZNJzDERrsCohXdVpPQ,,,,,,,,Restaurants in Kuala Lumpur
Restaurant,"10, Jalan Vivekananda, Brickfields, 50470 Kuala Lumpur, Wilayah Persekutuan Kuala Lumpur, Malaysia","10, Jalan Vivekananda",Brickfields,Restaurant,"Service options: [Dine-in], Popular for: [Breakfast, Lunch, Solo dining], Offerings: [Coffee, Quick bite], Dining options: [Breakfast, Lunch], Amenities: [Restroom], Atmosphere: [Casual], Crowd: [Good for groups], Children: [Good for kids]",,,NO,Restaurant (Owner),,,,,https://search.google.com/local/reviews?placeid=ChIJmy3UNf5JzDERpe1TAyO3Q0M&authuser=0&hl=en&gl=US,4846918984988356005,0x31cc49fe35d42d9b:0x4343b7230353eda5,3.1304741999999997,101.68647449999999,Asia/Kuala_Lumpur,,,,https://www.google.com/search?kgmid=/g/11y60g9r12,/g/11y60g9r12,https://www.google.com/maps?cid=4846918984988356005,ChIJmy3UNf5JzDERpe1TAyO3Q0M,,,,,,,,Restaurants in Kuala Lumpur
"Rush Roastery (Menara Kembar Bank Rakyat, Bangsar)","Kiosk Level G, Tower 1 Menara Kembar Bank Rakyat, 33, Jalan Rakyat, 50470 Kuala Lumpur, Malaysia","Kiosk Level G, Tower 1 Menara Kembar Bank Rakyat","33, Jalan Rakyat",Restaurant;Cafe;Coffee roastery;Coffee store;Coffee shop,"Service options: [Takeout, Dine-in], Highlights: [Great coffee, Great dessert, Great tea selection], Popular for: [Solo dining], Offerings: [Coffee, Quick bite], Dining options: [Dessert], Atmosphere: [Casual, Cozy, Trendy], Crowd: [Good for groups], Payments: [Credit cards, Debit cards, NFC mobile payments], Children: [Good for kids]",+60 11-5422 8090,"011-5422 8090, +60 11-5422 8090",YES,"Rush Roastery (Menara Kembar Bank Rakyat, Bangsar) (Owner)",103530548645361048292,https://www.google.com/maps/contrib/103530548645361048292,20,4.2,https://search.google.com/local/reviews?placeid=ChIJwYoTKCdJzDERSPVevt4ne_4&authuser=0&hl=en&gl=US,18337294145399223624,0x31cc492728138ac1:0xfe7b27debe5ef548,3.1301669,101.68272479999999,Asia/Kuala_Lumpur,rushroastery.grab.shop/,rushroastery.grab.shop,"Wednesday(2026-06-24): [8 AM–7 PM], Thursday(2026-06-25): [8 AM–7 PM], Friday(2026-06-26): [8 AM–7 PM], Saturday(2026-06-27): [8 AM–4 PM], Sunday(2026-06-28): [Closed], Monday(2026-06-29): [8 AM–7 PM], Tuesday(2026-06-30): [8 AM–7 PM]",https://www.google.com/search?kgmid=/g/11ngppdk1c,/g/11ngppdk1c,https://www.google.com/maps?cid=18337294145399223624,ChIJwYoTKCdJzDERSPVevt4ne_4,,,,,,,,Restaurants in Kuala Lumpur
Palm Court Restaurant & Cafe,"B-G-13, Palm Court, CondominiumJalan BerhalaBrickfields, 50470 Wilayah Persekutuan, Federal Territory of Kuala Lumpur, Malaysia","B-G-13, Palm Court",CondominiumJalan BerhalaBrickfields,Indian restaurant,"Service options: [Takeout, Dine-in], Highlights: [Great tea selection], Popular for: [Lunch, Solo dining], Offerings: [Coffee, Small plates], Dining options: [Lunch, Dinner], Amenities: [Restroom], Atmosphere: [Casual], Crowd: [Good for groups], Children: [Good for kids]",,,NO,Palm Court Restaurant & Cafe (Owner),,,,,https://search.google.com/local/reviews?placeid=ChIJGVZhPwBJzDERZ76AiC59DKU&authuser=0&hl=en&gl=US,11893018354790743655,0x31cc49003f615619:0xa50c7d2e8880be67,3.1319196999999996,101.6840589,Asia/Kuala_Lumpur,,,,https://www.google.com/search?kgmid=/g/11y74_1q1m,/g/11y74_1q1m,https://www.google.com/maps?cid=11893018354790743655,ChIJGVZhPwBJzDERZ76AiC59DKU,,,,,,,,Restaurants in Kuala Lumpur
The Chicken Rice Shop Nu Sentral,"L4.16 & L4.17, Level 4 Nu Sentral, Jalan Tun Sambanthan, 50470 Kuala Lumpur, Malaysia","L4.16 & L4.17, Level 4 Nu Sentral",Jalan Tun Sambanthan,Family restaurant;Restaurant,"Service options: [Onsite services, Takeout, Dine-in], Popular for: [Lunch, Dinner, Solo dining], Accessibility: [Wheelchair accessible entrance], Offerings: [Coffee, Quick bite, Small plates], Dining options: [Brunch, Lunch, Dinner, Counter service, Dessert], Atmosphere: [Casual, Trendy], Crowd: [Good for groups], Payments: [Credit cards, Debit cards, NFC mobile payments], Children: [Good for kids]",+60 3-2856 0233,"03-2856 0233, +60 3-2856 0233",YES,The Chicken Rice Shop Nu Sentral (Owner),104264599920153979585,https://www.google.com/maps/contrib/104264599920153979585,310,3.9,https://search.google.com/local/reviews?placeid=ChIJORAdtsFJzDERwSZoEV8Q1w8&authuser=0&hl=en&gl=US,1141399031061685953,0x31cc49c1b61d1039:0xfd7105f116826c1,3.133364,101.687187,Asia/Kuala_Lumpur,www.thechickenriceshop.com/#,thechickenriceshop.com,"Wednesday(2026-06-24): [10 AM–10 PM], Thursday(2026-06-25): [10 AM–10 PM], Friday(2026-06-26): [10 AM–10 PM], Saturday(2026-06-27): [10 AM–10 PM], Sunday(2026-06-28): [10 AM–10 PM], Monday(2026-06-29): [10 AM–10 PM], Tuesday(2026-06-30): [10 AM–10 PM]",https://www.google.com/search?kgmid=/g/11c86gbw3y,/g/11c86gbw3y,https://www.google.com/maps?cid=1141399031061685953,ChIJORAdtsFJzDERwSZoEV8Q1w8,,,,,,,,Restaurants in Kuala Lumpur
Artisan Roast Coffee Sentul,"D7, Jln Sentul, Sentul, 51000 Kuala Lumpur, Wilayah Persekutuan Kuala Lumpur, Malaysia","D7, Jln Sentul",Sentul,Coffee shop;Espresso bar,"Service options: [Outdoor seating, Onsite services, Takeout, Dine-in, No delivery], Highlights: [Great coffee, Great dessert, Great tea selection], Popular for: [Breakfast, Lunch, Solo dining, Good for working on laptop], Accessibility: [Wheelchair accessible entrance, Wheelchair accessible parking lot, Wheelchair accessible seating,  Does not have assistive hearing loop], Offerings: [Coffee, Organic dishes, Prepared foods, Quick bite], Dining options: [Breakfast, Lunch, Dessert, Seating], Amenities: [Restroom, Wi-Fi, ], Atmosphere: [Casual, Cozy, Trendy], Crowd: [Good for groups], Payments: [Credit cards, Debit cards, NFC mobile payments, ], Children: [Good for kids, High chairs], Parking: [Paid parking garage, Paid parking lot, ]",+60 10-832 6249,"010-832 6249, +60 10-832 6249",YES,Artisan Roast Coffee Sentul (Owner),113263095291758146422,https://www.google.com/maps/contrib/113263095291758146422,670,4.1,https://search.google.com/local/reviews?placeid=ChIJI3_uKQ5IzDERtDNrxN7t_BA&authuser=0&hl=en&gl=US,1224114739771814836,0x31cc480e29ee7f23:0x10fceddec46b33b4,3.1811635,101.6919465,Asia/Kuala_Lumpur,www.artisanroast.com.my/,artisanroast.com.my,"Wednesday(2026-06-24): [9 AM–5 PM], Thursday(2026-06-25): [9 AM–5 PM], Friday(2026-06-26): [9 AM–5 PM], Saturday(2026-06-27): [Closed], Sunday(2026-06-28): [Closed], Monday(2026-06-29): [9 AM–5 PM], Tuesday(2026-06-30): [9 AM–5 PM]",https://www.google.com/search?kgmid=/g/1ygbb8h8v,/g/1ygbb8h8v,https://www.google.com/maps?cid=1224114739771814836,ChIJI3_uKQ5IzDERtDNrxN7t_BA,,,,,,,,Restaurants in Kuala Lumpur
La’zeez,"Kuala Lumpur Sentral, 50470 Kuala Lumpur, Federal Territory of Kuala Lumpur, Malaysia",Kuala Lumpur Sentral,50470 Kuala Lumpur,Family restaurant,"Service options: [Dine-in], Popular for: [Dinner, Solo dining], Offerings: [Small plates], Dining options: [Dinner], Atmosphere: [Casual], Crowd: [Good for groups], Children: [Good for kids]",,,NO,La’zeez (Owner),,,,,https://search.google.com/local/reviews?placeid=ChIJ1ViLFgBJzDERvGm-UJu2QmI&authuser=0&hl=en&gl=US,7080422342370683324,0x31cc4900168b58d5:0x6242b69b50be69bc,3.1319196999999996,101.6840589,Asia/Kuala_Lumpur,,,"Wednesday(2026-06-24): [5 PM–12 AM], Thursday(2026-06-25): [5 PM–12 AM], Friday(2026-06-26): [5 PM–12 AM], Saturday(2026-06-27): [5 PM–12 AM], Sunday(2026-06-28): [5 PM–12 AM], Monday(2026-06-29): [Closed], Tuesday(2026-06-30): [5 PM–12 AM]",https://www.google.com/search?kgmid=/g/11x_sh0r31,/g/11x_sh0r31,https://www.google.com/maps?cid=7080422342370683324,ChIJ1ViLFgBJzDERvGm-UJu2QmI,,,,,,,,Restaurants in Kuala Lumpur
"Erode Amman Mess , Malaysia","G9 (Retail),Suit Sentral, 248, Jalan Tun Sambanthan, Brickfields, 50470 Kuala Lumpur, Wilayah Persekutuan Kuala Lumpur, Malaysia","G9 (Retail),Suit Sentral","248, Jalan Tun Sambanthan",South Indian restaurant;Indian restaurant,"From the business: [Identifies as women-owned], Service options: [Delivery, Onsite services, Takeout, Dine-in], Highlights: [Great coffee, Great dessert, Great tea selection], Popular for: [Lunch, Dinner, Solo dining], Accessibility: [Wheelchair accessible entrance, Wheelchair accessible parking lot, Wheelchair accessible restroom, Wheelchair accessible seating], Offerings: [All you can eat, Coffee, Healthy options, Organic dishes, Quick bite, Small plates, Vegetarian options], Dining options: [Lunch, Dinner, Catering, Dessert, Seating, Table service], Amenities: [Gender-neutral restroom, Restroom], Atmosphere: [Casual, Trendy], Crowd: [Family-friendly, Good for groups, Tourists], Planning: [Lunch reservations recommended, Dinner reservations recommended, Accepts reservations, Usually a wait], Payments: [Credit cards, Debit cards, NFC mobile payments, ], Children: [Good for kids, Has changing table(s), High chairs, Kids' menu], Parking: [Free parking lot, Paid parking lot, Paid street parking, ]",+60 3-2276 2823,"03-2276 2823, +60 3-2276 2823",YES,"Erode Amman Mess , Malaysia (Owner)",105014973110161584906,https://www.google.com/maps/contrib/105014973110161584906,3698,4.6,https://search.google.com/local/reviews?placeid=ChIJIfz3WgBJzDERyqUXugXqmLs&authuser=0&hl=en&gl=US,13517811591870391754,0x31cc49005af7fc21:0xbb98ea05ba17a5ca,3.1301726,101.685284,Asia/Kuala_Lumpur,www.erodeammanmess.com/,erodeammanmess.com,,https://www.google.com/search?kgmid=/g/11ld3yrvrv,/g/11ld3yrvrv,https://www.google.com/maps?cid=13517811591870391754,ChIJIfz3WgBJzDERyqUXugXqmLs,,,,,,,,Restaurants in Kuala Lumpur
Nizam Bistro,"50A, Jalan Vivekananda, Brickfields, 50470 Kuala Lumpur, Wilayah Persekutuan Kuala Lumpur, Malaysia","50A, Jalan Vivekananda",Brickfields,Restaurant,"Service options: [Outdoor seating, No-contact delivery, Delivery, Takeout, Dine-in], Offerings: [Vegetarian options], Dining options: [Lunch, Seating], Parking: [Free street parking, Paid parking lot, ]",+60 19-379 6007,"019-379 6007, +60 19-379 6007",YES,Nizam Bistro (Owner),110834722898948632700,https://www.google.com/maps/contrib/110834722898948632700,93,4.7,https://search.google.com/local/reviews?placeid=ChIJO9kva0tJzDERIM2hlylJrcI&authuser=0&hl=en&gl=US,14027948857315413280,0x31cc494b6b2fd93b:0xc2ad492997a1cd20,3.1309746,101.68695179999999,Asia/Kuala_Lumpur,www.instagram.com/nizambistro/,instagram.com,,https://www.google.com/search?kgmid=/g/11w22j98q9,/g/11w22j98q9,https://www.google.com/maps?cid=14027948857315413280,ChIJO9kva0tJzDERIM2hlylJrcI,,,,,,,,Restaurants in Kuala Lumpur
Yalla Yalla Restaurant By HSC,"52 G, Jln Sultan Ismail, Bukit Bintang, 50250 Kuala Lumpur, Wilayah Persekutuan Kuala Lumpur, Malaysia","52 G, Jln Sultan Ismail",Bukit Bintang,Restaurant,"Service options: [Dine-in], Amenities: [Restroom]",+60 19-533 3707,"019-533 3707, +60 19-533 3707",NO,Yalla Yalla Restaurant By HSC (Owner),,,22,4.3,https://search.google.com/local/reviews?placeid=ChIJlfMrmR03zDERxlNtXroR_qw&authuser=0&hl=en&gl=US,12465420310753924038,0x31cc371d992bf395:0xacfe11ba5e6d53c6,3.1476930999999997,101.7114794,Asia/Kuala_Lumpur,,,,https://www.google.com/search?kgmid=/g/11sb36y7r1,/g/11sb36y7r1,https://www.google.com/maps?cid=12465420310753924038,ChIJlfMrmR03zDERxlNtXroR_qw,,,,,,,,Restaurants in Kuala Lumpur
